symbol,timestamp,sent_at,open,high,low,current_price,previous_close,change,change_percent
GOOGL,2025-10-17T15:00:00,2025-10-17T15:00:00.000000,253.25,253.77000427246094,253.17999267578125,253.35000610351562,253.35000610351562,0.0,0.0
GOOGL,2025-10-17T15:15:00,2025-10-17T15:15:00.000000,253.3300018310547,253.75999450683594,253.07000732421875,253.14999389648438,253.35000610351562,-0.20001220703125,-0.0789469912029635
GOOGL,2025-10-17T15:30:00,2025-10-17T15:30:00.000000,253.13999938964844,253.41000366210938,252.65499877929688,252.97999572753906,253.14999389648438,-0.1699981689453125,-0.06715313965791621
GOOGL,2025-10-17T15:45:00,2025-10-17T15:45:00.000000,253.00999450683594,253.7899932861328,252.88999938964844,253.32000732421875,252.97999572753906,0.3400115966796875,0.13440256242469148
GOOGL,2025-10-20T09:30:00,2025-10-20T09:30:00.000000,254.69000244140625,256.3800048828125,254.22999572753906,255.5800018310547,253.32000732421875,2.2599945068359375,0.8921500242747978
GOOGL,2025-10-20T09:45:00,2025-10-20T09:45:00.000000,255.5800018310547,256.260009765625,254.27999877929688,255.10000610351562,255.5800018310547,-0.4799957275390625,-0.18780644968316132
GOOGL,2025-10-20T10:00:00,2025-10-20T10:00:00.000000,255.09500122070312,256.2699890136719,254.9600067138672,255.73500061035156,255.10000610351562,0.6349945068359375,0.24891983208274274
GOOGL,2025-10-20T10:15:00,2025-10-20T10:15:00.000000,255.75,256.3500061035156,255.33999633789062,256.0849914550781,255.73500061035156,0.3499908447265625,0.13685684160996914
GOOGL,2025-10-20T10:30:00,2025-10-20T10:30:00.000000,256.0815124511719,256.3500061035156,255.4600067138672,255.67999267578125,256.0849914550781,-0.404998779296875,-0.15815014265211985
GOOGL,2025-10-20T10:45:00,2025-10-20T10:45:00.000000,255.7100067138672,256.3399963378906,255.67999267578125,256.19000244140625,255.67999267578125,0.510009765625,0.19947191029206784
GOOGL,2025-10-20T11:00:00,2025-10-20T11:00:00.000000,256.19000244140625,256.54998779296875,255.42999267578125,255.44000244140625,256.19000244140625,-0.75,-0.292751470725925
GOOGL,2025-10-20T11:15:00,2025-10-20T11:15:00.000000,255.44000244140625,256.4150085449219,255.39999389648438,256.3594970703125,255.44000244140625,0.91949462890625,0.3599650094417639
GOOGL,2025-10-20T11:30:00,2025-10-20T11:30:00.000000,256.3500061035156,257.3299865722656,256.260009765625,257.135009765625,256.3594970703125,0.7755126953125,0.3025098364504116
GOOGL,2025-10-20T11:45:00,2025-10-20T11:45:00.000000,257.1400146484375,257.21990966796875,256.3599853515625,256.9999084472656,257.135009765625,-0.135101318359375,-0.0525410050084265
GOOGL,2025-10-20T12:00:00,2025-10-20T12:00:00.000000,256.9873046875,257.0899963378906,256.17999267578125,256.2401123046875,256.9999084472656,-0.759796142578125,-0.2956406277218691
GOOGL,2025-10-20T12:15:00,2025-10-20T12:15:00.000000,256.2300109863281,256.4100036621094,256.02099609375,256.2099914550781,256.2401123046875,-0.030120849609375,-0.01175493147363251
GOOGL,2025-10-20T12:30:00,2025-10-20T12:30:00.000000,256.25,256.489990234375,256.0400085449219,256.4601135253906,256.2099914550781,0.2501220703125,0.09762385490589054
GOOGL,2025-10-20T12:45:00,2025-10-20T12:45:00.000000,256.489990234375,256.8599853515625,255.9499969482422,256.2449951171875,256.4601135253906,-0.215118408203125,-0.08387986936683134
GOOGL,2025-10-20T13:00:00,2025-10-20T13:00:00.000000,256.2449951171875,256.32000732421875,256.010009765625,256.1398010253906,256.2449951171875,-0.105194091796875,-0.04105215469623787
GOOGL,2025-10-20T13:15:00,2025-10-20T13:15:00.000000,256.1400146484375,256.4599914550781,256.04998779296875,256.0950012207031,256.1398010253906,-0.0447998046875,-0.017490372253025636
GOOGL,2025-10-20T13:30:00,2025-10-20T13:30:00.000000,256.1199951171875,256.3299865722656,256.0273132324219,256.2392883300781,256.0950012207031,0.144287109375,0.056341243947457265
GOOGL,2025-10-20T13:45:00,2025-10-20T13:45:00.000000,256.2300109863281,256.5,255.9600067138672,256.04998779296875,256.2392883300781,-0.189300537109375,-0.07387646849281167
GOOGL,2025-10-20T14:00:00,2025-10-20T14:00:00.000000,256.0199890136719,256.409912109375,255.9949951171875,256.1709899902344,256.04998779296875,0.121002197265625,0.047257255627546554
GOOGL,2025-10-20T14:15:00,2025-10-20T14:15:00.000000,256.17999267578125,256.20001220703125,255.75999450683594,256.1300964355469,256.1709899902344,-0.0408935546875,-0.01596338238340685
GOOGL,2025-10-20T14:30:00,2025-10-20T14:30:00.000000,256.1499938964844,256.20001220703125,255.8699951171875,256.1600036621094,256.1300964355469,0.0299072265625,0.011676576465907793
GOOGL,2025-10-20T14:45:00,2025-10-20T14:45:00.000000,256.17999267578125,256.5400085449219,255.9499969482422,256.5,256.1600036621094,0.339996337890625,0.13272811251950983
GOOGL,2025-10-20T15:00:00,2025-10-20T15:00:00.000000,256.5010070800781,256.8699951171875,256.30999755859375,256.30999755859375,256.5,-0.19000244140625,-0.07407502588937621
GOOGL,2025-10-20T15:15:00,2025-10-20T15:15:00.000000,256.31500244140625,256.3699951171875,256.010009765625,256.32000732421875,256.30999755859375,0.010009765625,0.0039053356171609016
GOOGL,2025-10-20T15:30:00,2025-10-20T15:30:00.000000,256.32000732421875,256.7499084472656,256.19000244140625,256.7499084472656,256.32000732421875,0.429901123046875,0.16772047080316044
GOOGL,2025-10-20T15:45:00,2025-10-20T15:45:00.000000,256.75,256.95001220703125,256.2699890136719,256.5799865722656,256.7499084472656,-0.169921875,-0.06618186391092738
GOOGL,2025-10-21T09:30:00,2025-10-21T09:30:00.000000,254.66000366210938,254.8800048828125,252.0500030517578,252.6649932861328,256.5799865722656,-3.9149932861328125,-1.5258373571666535
GOOGL,2025-10-21T09:45:00,2025-10-21T09:45:00.000000,252.69000244140625,253.5998992919922,252.36000061035156,252.52499389648438,252.6649932861328,-0.1399993896484375,-0.055409096380001445
GOOGL,2025-10-21T10:00:00,2025-10-21T10:00:00.000000,252.52499389648438,252.72900390625,251.77999877929688,252.7100067138672,252.52499389648438,0.1850128173828125,0.07326515071955743
GOOGL,2025-10-21T10:15:00,2025-10-21T10:15:00.000000,252.7100067138672,252.89999389648438,251.3699951171875,251.81500244140625,252.7100067138672,-0.8950042724609375,-0.35416257713700783
GOOGL,2025-10-21T10:30:00,2025-10-21T10:30:00.000000,251.81500244140625,252.4799041748047,251.63999938964844,252.05999755859375,251.81500244140625,0.2449951171875,0.09729170812390611
GOOGL,2025-10-21T10:45:00,2025-10-21T10:45:00.000000,252.05999755859375,252.77000427246094,251.97999572753906,252.6300048828125,252.05999755859375,0.57000732421875,0.2261395420692434
GOOGL,2025-10-21T11:00:00,2025-10-21T11:00:00.000000,252.64500427246094,252.7299041748047,245.8000030517578,246.156005859375,252.6300048828125,-6.4739990234375,-2.5626405804174346
GOOGL,2025-10-21T11:15:00,2025-10-21T11:15:00.000000,246.11000061035156,247.0800018310547,244.14999389648438,246.22999572753906,246.156005859375,0.0739898681640625,0.030058120217603682
GOOGL,2025-10-21T11:30:00,2025-10-21T11:30:00.000000,246.2998046875,247.5500030517578,245.70010375976562,246.0399932861328,246.22999572753906,-0.19000244140625,-0.07716462035620285
GOOGL,2025-10-21T11:45:00,2025-10-21T11:45:00.000000,246.00999450683594,248.27000427246094,245.9499969482422,248.24000549316406,246.0399932861328,2.20001220703125,0.8941685364430735
GOOGL,2025-10-21T12:00:00,2025-10-21T12:00:00.000000,248.22000122070312,249.52000427246094,248.14999389648438,249.3300018310547,248.24000549316406,1.089996337890625,0.43908971711678474
GOOGL,2025-10-21T12:15:00,2025-10-21T12:15:00.000000,249.33999633789062,249.64999389648438,248.33999633789062,248.93499755859375,249.3300018310547,-0.3950042724609375,-0.1584262902819819
GOOGL,2025-10-21T12:30:00,2025-10-21T12:30:00.000000,248.93499755859375,249.68280029296875,248.38999938964844,248.84500122070312,248.93499755859375,-0.089996337890625,-0.03615254535250387
GOOGL,2025-10-21T12:45:00,2025-10-21T12:45:00.000000,248.875,249.85000610351562,248.8300018310547,249.2550048828125,248.84500122070312,0.410003662109375,0.16476266756338764
GOOGL,2025-10-21T13:00:00,2025-10-21T13:00:00.000000,249.24000549316406,249.38499450683594,247.32000732421875,248.6699981689453,249.2550048828125,-0.5850067138671875,-0.2347020932005875
GOOGL,2025-10-21T13:15:00,2025-10-21T13:15:00.000000,248.66000366210938,252.47000122070312,248.6199951171875,251.60000610351562,248.6699981689453,2.9300079345703125,1.1782715873024932
GOOGL,2025-10-21T13:30:00,2025-10-21T13:30:00.000000,251.52999877929688,252.0800018310547,250.52000427246094,251.22999572753906,251.60000610351562,-0.3700103759765625,-0.14706294395888422
GOOGL,2025-10-21T13:45:00,2025-10-21T13:45:00.000000,251.19500732421875,252.42999267578125,251.1699981689453,252.00999450683594,251.22999572753906,0.779998779296875,0.31047199481020166
GOOGL,2025-10-21T14:00:00,2025-10-21T14:00:00.000000,252.0,252.5699005126953,251.61000061035156,252.27850341796875,252.00999450683594,0.2685089111328125,0.1065469294812151
GOOGL,2025-10-21T14:15:00,2025-10-21T14:15:00.000000,252.25,252.4499969482422,251.5,252.02000427246094,252.27850341796875,-0.2584991455078125,-0.10246578365003915
GOOGL,2025-10-21T14:30:00,2025-10-21T14:30:00.000000,251.99000549316406,252.2899932861328,251.39999389648438,251.51499938964844,252.02000427246094,-0.5050048828125,-0.20038285622221283
GOOGL,2025-10-21T14:45:00,2025-10-21T14:45:00.000000,251.50999450683594,251.91000366210938,251.2899932861328,251.48500061035156,251.51499938964844,-0.029998779296875,-0.011927232717600562
GOOGL,2025-10-21T15:00:00,2025-10-21T15:00:00.000000,251.4600067138672,251.7100067138672,251.25,251.60989379882812,251.48500061035156,0.1248931884765625,0.04966228131834821
GOOGL,2025-10-21T15:15:00,2025-10-21T15:15:00.000000,251.5800018310547,251.82359313964844,251.25,251.4600067138672,251.60989379882812,-0.1498870849609375,-0.05957122062965379
GOOGL,2025-10-21T15:30:00,2025-10-21T15:30:00.000000,251.47999572753906,251.57000732421875,251.11599731445312,251.3800048828125,251.4600067138672,-0.0800018310546875,-0.031814932362473236
GOOGL,2025-10-21T15:45:00,2025-10-21T15:45:00.000000,251.3800048828125,251.4199981689453,250.22999572753906,250.42999267578125,251.3800048828125,-0.95001220703125,-0.37791876385479567
GOOGL,2025-10-22T09:30:00,2025-10-22T09:30:00.000000,254.22500610351562,256.0299987792969,253.11000061035156,255.1313018798828,250.42999267578125,4.7013092041015625,1.8772947896013814
GOOGL,2025-10-22T09:45:00,2025-10-22T09:45:00.000000,255.1199951171875,256.1600036621094,254.07000732421875,254.2899932861328,255.1313018798828,-0.84130859375,-0.3297551447239087
GOOGL,2025-10-22T10:00:00,2025-10-22T10:00:00.000000,254.2899932861328,254.91000366210938,253.47999572753906,253.72000122070312,254.2899932861328,-0.5699920654296875,-0.22415041113643808
GOOGL,2025-10-22T10:15:00,2025-10-22T10:15:00.000000,253.7100067138672,254.50999450683594,252.63999938964844,252.8699951171875,253.72000122070312,-0.850006103515625,-0.33501738113907353
GOOGL,2025-10-22T10:30:00,2025-10-22T10:30:00.000000,252.89999389648438,253.07000732421875,252.0814971923828,252.19000244140625,252.8699951171875,-0.67999267578125,-0.26890998889216616
GOOGL,2025-10-22T10:45:00,2025-10-22T10:45:00.000000,252.17999267578125,253.89999389648438,251.85870361328125,253.8323974609375,252.19000244140625,1.64239501953125,0.65125302495401
GOOGL,2025-10-22T11:00:00,2025-10-22T11:00:00.000000,253.82000732421875,256.34930419921875,253.82000732421875,255.44000244140625,253.8323974609375,1.60760498046875,0.6333332531818149
GOOGL,2025-10-22T11:15:00,2025-10-22T11:15:00.000000,255.43850708007812,255.60000610351562,252.3300018310547,252.57000732421875,255.44000244140625,-2.8699951171875,-1.1235495966790987
GOOGL,2025-10-22T11:30:00,2025-10-22T11:30:00.000000,252.6300048828125,253.4600067138672,252.0260009765625,253.0850067138672,252.57000732421875,0.5149993896484375,0.20390362066519788
GOOGL,2025-10-22T11:45:00,2025-10-22T11:45:00.000000,253.10000610351562,253.72999572753906,252.30999755859375,252.3800048828125,253.0850067138672,-0.7050018310546875,-0.2785632543818561
GOOGL,2025-10-22T12:00:00,2025-10-22T12:00:00.000000,252.3699951171875,252.5,251.17999267578125,251.77999877929688,252.3800048828125,-0.600006103515625,-0.23773915996008702
GOOGL,2025-10-22T12:15:00,2025-10-22T12:15:00.000000,251.77999877929688,252.25999450683594,251.10000610351562,251.2550048828125,251.77999877929688,-0.524993896484375,-0.20851294742620505
GOOGL,2025-10-22T12:30:00,2025-10-22T12:30:00.000000,251.22569274902344,251.4705047607422,249.2899932861328,251.25650024414062,251.2550048828125,0.001495361328125,0.0005951568323275588
GOOGL,2025-10-22T12:45:00,2025-10-22T12:45:00.000000,251.24000549316406,251.6999969482422,250.57000732421875,250.77220153808594,251.25650024414062,-0.4842987060546875,-0.19275071712934977
GOOGL,2025-10-22T13:00:00,2025-10-22T13:00:00.000000,250.77999877929688,251.0915069580078,250.33999633789062,250.41000366210938,250.77220153808594,-0.3621978759765625,-0.14443302477509806
GOOGL,2025-10-22T13:15:00,2025-10-22T13:15:00.000000,250.41000366210938,250.5800018310547,249.9239959716797,250.52000427246094,250.41000366210938,0.1100006103515625,0.04392820124710024
GOOGL,2025-10-22T13:30:00,2025-10-22T13:30:00.000000,250.50999450683594,250.82000732421875,249.60000610351562,249.77000427246094,250.52000427246094,-0.75,-0.2993772901202388
GOOGL,2025-10-22T13:45:00,2025-10-22T13:45:00.000000,249.77999877929688,250.39999389648438,249.77000427246094,250.38999938964844,249.77000427246094,0.6199951171875,0.24822641093090583
GOOGL,2025-10-22T14:00:00,2025-10-22T14:00:00.000000,250.3699951171875,250.72999572753906,250.14999389648438,250.2899932861328,250.38999938964844,-0.100006103515625,-0.039940134893326505
GOOGL,2025-10-22T14:15:00,2025-10-22T14:15:00.000000,250.3000030517578,251.27000427246094,250.11000061035156,251.02499389648438,250.2899932861328,0.7350006103515625,0.29365960688300713
GOOGL,2025-10-22T14:30:00,2025-10-22T14:30:00.000000,251.0225067138672,251.49000549316406,250.6199951171875,251.22000122070312,251.02499389648438,0.19500732421875,0.07768442543978928
GOOGL,2025-10-22T14:45:00,2025-10-22T14:45:00.000000,251.2100067138672,251.52999877929688,250.86000061035156,251.50999450683594,251.22000122070312,0.2899932861328125,0.11543399598905585
GOOGL,2025-10-22T15:00:00,2025-10-22T15:00:00.000000,251.5,251.72000122070312,251.0500030517578,251.4199981689453,251.50999450683594,-0.089996337890625,-0.035782410184967396
GOOGL,2025-10-22T15:15:00,2025-10-22T15:15:00.000000,251.42999267578125,251.8800048828125,251.3300018310547,251.5500030517578,251.4199981689453,0.1300048828125,0.05170825064008685
GOOGL,2025-10-22T15:30:00,2025-10-22T15:30:00.000000,251.5399932861328,251.67999267578125,250.89500427246094,250.9499969482422,251.5500030517578,-0.600006103515625,-0.2385235922228037
GOOGL,2025-10-22T15:45:00,2025-10-22T15:45:00.000000,250.9600067138672,251.8699951171875,250.7382049560547,251.6699981689453,250.9499969482422,0.720001220703125,0.28691023289855766
GOOGL,2025-10-23T09:30:00,2025-10-23T09:30:00.000000,252.89999389648438,253.8300018310547,251.85000610351562,253.42999267578125,251.6699981689453,1.7599945068359375,0.6993263081181645
GOOGL,2025-10-23T09:45:00,2025-10-23T09:45:00.000000,253.4199981689453,255.0399932861328,253.06500244140625,253.8800048828125,253.42999267578125,0.45001220703125,0.17756864618899343
GOOGL,2025-10-23T10:00:00,2025-10-23T10:00:00.000000,253.9600067138672,254.32000732421875,253.08999633789062,253.3125,253.8800048828125,-0.5675048828125,-0.22353272093028845
GOOGL,2025-10-23T10:15:00,2025-10-23T10:15:00.000000,253.32000732421875,254.07000732421875,252.94000244140625,253.74000549316406,253.3125,0.4275054931640625,0.16876604714100668
GOOGL,2025-10-23T10:30:00,2025-10-23T10:30:00.000000,253.75999450683594,254.75999450683594,253.61000061035156,254.2100067138672,253.74000549316406,0.470001220703125,0.18522945161510496
GOOGL,2025-10-23T10:45:00,2025-10-23T10:45:00.000000,254.2100067138672,254.3699951171875,253.10000610351562,254.0,254.2100067138672,-0.2100067138671875,-0.08261150557443088
GOOGL,2025-10-23T11:00:00,2025-10-23T11:00:00.000000,253.97999572753906,254.69000244140625,253.89999389648438,254.25999450683594,254.0,0.2599945068359375,0.10236004206139271
GOOGL,2025-10-23T11:15:00,2025-10-23T11:15:00.000000,254.34500122070312,254.42999267578125,253.75999450683594,253.97999572753906,254.25999450683594,-0.279998779296875,-0.11012301791320422
GOOGL,2025-10-23T11:30:00,2025-10-23T11:30:00.000000,253.9949951171875,254.34500122070312,253.33999633789062,253.37550354003906,253.97999572753906,-0.6044921875,-0.23800779497156868
GOOGL,2025-10-23T11:45:00,2025-10-23T11:45:00.000000,253.3699951171875,254.24000549316406,253.31570434570312,253.86900329589844,253.37550354003906,0.493499755859375,0.1947701135131206
GOOGL,2025-10-23T12:00:00,2025-10-23T12:00:00.000000,253.875,254.5399932861328,253.3699951171875,254.4727020263672,253.86900329589844,0.60369873046875,0.23779930697766422
GOOGL,2025-10-23T12:15:00,2025-10-23T12:15:00.000000,254.4600067138672,254.63999938964844,254.22500610351562,254.42999267578125,254.4727020263672,-0.0427093505859375,-0.016783470386349014
GOOGL,2025-10-23T12:30:00,2025-10-23T12:30:00.000000,254.47000122070312,254.5500030517578,253.97999572753906,254.1033935546875,254.42999267578125,-0.32659912109375,-0.12836502397338564
GOOGL,2025-10-23T12:45:00,2025-10-23T12:45:00.000000,254.10000610351562,254.3699951171875,253.92999267578125,254.14999389648438,254.1033935546875,0.046600341796875,0.018339126111216533
GOOGL,2025-10-23T13:00:00,2025-10-23T13:00:00.000000,254.16000366210938,254.3300018310547,253.5,253.98989868164062,254.14999389648438,-0.16009521484375,-0.06299241341274908
GOOGL,2025-10-23T13:15:00,2025-10-23T13:15:00.000000,253.92999267578125,254.02000427246094,253.44000244140625,253.6750030517578,253.98989868164062,-0.3148956298828125,-0.12397958797468286
GOOGL,2025-10-23T13:30:00,2025-10-23T13:30:00.000000,253.6999969482422,254.33999633789062,253.66000366210938,254.07000732421875,253.6750030517578,0.3950042724609375,0.15571272995327173
GOOGL,2025-10-23T13:45:00,2025-10-23T13:45:00.000000,254.0800018310547,254.2899932861328,253.97000122070312,254.19000244140625,254.07000732421875,0.1199951171875,0.04722915485036934
GOOGL,2025-10-23T14:00:00,2025-10-23T14:00:00.000000,254.22340393066406,254.3800048828125,253.97999572753906,254.0800018310547,254.19000244140625,-0.1100006103515625,-0.0432749554644341
GOOGL,2025-10-23T14:15:00,2025-10-23T14:15:00.000000,254.08419799804688,254.44000244140625,253.9199981689453,254.39219665527344,254.0800018310547,0.31219482421875,0.12287264718548671
GOOGL,2025-10-23T14:30:00,2025-10-23T14:30:00.000000,254.3800048828125,254.4398956298828,254.14120483398438,254.27999877929688,254.39219665527344,-0.1121978759765625,-0.04410429150411469
GOOGL,2025-10-23T14:45:00,2025-10-23T14:45:00.000000,254.2899932861328,254.2993927001953,253.8350067138672,253.9700927734375,254.27999877929688,-0.309906005859375,-0.12187588774072587
GOOGL,2025-10-23T15:00:00,2025-10-23T15:00:00.000000,253.97000122070312,254.0749969482422,253.76499938964844,253.89920043945312,253.9700927734375,-0.070892333984375,-0.0279136544032438
GOOGL,2025-10-23T15:15:00,2025-10-23T15:15:00.000000,253.88999938964844,253.94000244140625,253.41000366210938,253.57000732421875,253.89920043945312,-0.329193115234375,-0.12965504210513537
GOOGL,2025-10-23T15:30:00,2025-10-23T15:30:00.000000,253.57000732421875,253.6699981689453,253.1300048828125,253.1999969482422,253.57000732421875,-0.3700103759765625,-0.14592040276414125
GOOGL,2025-10-23T15:45:00,2025-10-23T15:45:00.000000,253.19000244140625,253.3699951171875,252.6199951171875,253.07000732421875,253.1999969482422,-0.1299896240234375,-0.05133871468806111
GOOGL,2025-10-24T09:30:00,2025-10-24T09:30:00.000000,256.17999267578125,259.4599914550781,255.31500244140625,258.4100036621094,253.07000732421875,5.339996337890625,2.110086609769339
GOOGL,2025-10-24T09:45:00,2025-10-24T09:45:00.000000,258.4599914550781,260.04998779296875,257.7200012207031,259.9599914550781,258.4100036621094,1.54998779296875,0.599817255912227
GOOGL,2025-10-24T10:00:00,2025-10-24T10:00:00.000000,260.0400085449219,261.67999267578125,259.93499755859375,260.5400085449219,259.9599914550781,0.58001708984375,0.2231178292464203
GOOGL,2025-10-24T10:15:00,2025-10-24T10:15:00.000000,260.5299987792969,260.7699890136719,259.885986328125,260.3041076660156,260.5400085449219,-0.23590087890625,-0.09054305333899472
GOOGL,2025-10-24T10:30:00,2025-10-24T10:30:00.000000,260.29998779296875,260.32501220703125,259.4700012207031,260.1899108886719,260.3041076660156,-0.11419677734375,-0.043870524506002304
GOOGL,2025-10-24T10:45:00,2025-10-24T10:45:00.000000,260.17999267578125,260.2200012207031,258.8500061035156,259.45831298828125,260.1899108886719,-0.731597900390625,-0.28117842766918644
GOOGL,2025-10-24T11:00:00,2025-10-24T11:00:00.000000,259.45001220703125,259.80999755859375,258.8900146484375,259.7701110839844,259.45831298828125,0.311798095703125,0.12017271372500127
GOOGL,2025-10-24T11:15:00,2025-10-24T11:15:00.000000,259.80499267578125,260.6000061035156,259.6400146484375,260.3900146484375,259.7701110839844,0.619903564453125,0.2386354464978107
GOOGL,2025-10-24T11:30:00,2025-10-24T11:30:00.000000,260.3900146484375,260.760009765625,259.9200134277344,259.9230041503906,260.3900146484375,-0.467010498046875,-0.1793503866411328
GOOGL,2025-10-24T11:45:00,2025-10-24T11:45:00.000000,259.94000244140625,260.3550109863281,259.7799987792969,260.0849914550781,259.9230041503906,0.1619873046875,0.06232126518273645
GOOGL,2025-10-24T12:00:00,2025-10-24T12:00:00.000000,260.0899963378906,260.497314453125,259.8999938964844,260.44000244140625,260.0849914550781,0.355010986328125,0.13649806716718696
GOOGL,2025-10-24T12:15:00,2025-10-24T12:15:00.000000,260.42999267578125,260.5799865722656,260.1300048828125,260.55999755859375,260.44000244140625,0.1199951171875,0.046073996337984396
GOOGL,2025-10-24T12:30:00,2025-10-24T12:30:00.000000,260.5400085449219,260.647705078125,260.1700134277344,260.32501220703125,260.55999755859375,-0.2349853515625,-0.09018473816559558
GOOGL,2025-10-24T12:45:00,2025-10-24T12:45:00.000000,260.3299865722656,261.1600036621094,260.29998779296875,260.8999938964844,260.32501220703125,0.574981689453125,0.22087070488480517
GOOGL,2025-10-24T13:00:00,2025-10-24T13:00:00.000000,260.8900146484375,261.3500061035156,260.843505859375,261.1700134277344,260.8999938964844,0.27001953125,0.1034954149355534
GOOGL,2025-10-24T13:15:00,2025-10-24T13:15:00.000000,261.1600036621094,261.32501220703125,260.94000244140625,260.9700012207031,261.1700134277344,-0.20001220703125,-0.0765831438327024
GOOGL,2025-10-24T13:30:00,2025-10-24T13:30:00.000000,260.9599914550781,261.3399963378906,260.92999267578125,261.3399963378906,260.9700012207031,0.3699951171875,0.14177687682753773
GOOGL,2025-10-24T13:45:00,2025-10-24T13:45:00.000000,261.3699951171875,261.3699951171875,260.7200012207031,260.7413024902344,261.3399963378906,-0.59869384765625,-0.2290861927166285
GOOGL,2025-10-24T14:00:00,2025-10-24T14:00:00.000000,260.7699890136719,261.1700134277344,260.75,261.0201110839844,260.7413024902344,0.27880859375,0.10692920188984723
GOOGL,2025-10-24T14:15:00,2025-10-24T14:15:00.000000,261.04998779296875,261.39990234375,260.95001220703125,261.2049865722656,261.0201110839844,0.18487548828125,0.07082806283143657
GOOGL,2025-10-24T14:30:00,2025-10-24T14:30:00.000000,261.2200012207031,261.3399963378906,261.010009765625,261.31988525390625,261.2049865722656,0.114898681640625,0.04398793573905866
GOOGL,2025-10-24T14:45:00,2025-10-24T14:45:00.000000,261.2900085449219,261.2900085449219,260.70001220703125,260.81500244140625,261.31988525390625,-0.5048828125,-0.19320489598770513
GOOGL,2025-10-24T15:00:00,2025-10-24T15:00:00.000000,260.8049011230469,260.989990234375,260.6300048828125,260.6650085449219,260.81500244140625,-0.149993896484375,-0.057509688890719425
GOOGL,2025-10-24T15:15:00,2025-10-24T15:15:00.000000,260.67999267578125,260.7861022949219,260.3301086425781,260.5,260.6650085449219,-0.165008544921875,-0.06330291351454569
GOOGL,2025-10-24T15:30:00,2025-10-24T15:30:00.000000,260.4700012207031,260.6199951171875,259.8782043457031,259.989990234375,260.5,-0.510009765625,-0.19578110004798466
GOOGL,2025-10-24T15:45:00,2025-10-24T15:45:00.000000,260.0,260.20001220703125,259.7300109863281,259.9100036621094,259.989990234375,-0.079986572265625,-0.030765250690428098
GOOGL,2025-10-27T09:30:00,2025-10-27T09:30:00.000000,264.8450012207031,266.7699890136719,264.2799987792969,265.18499755859375,259.9100036621094,5.274993896484375,2.029546313016109
GOOGL,2025-10-27T09:45:00,2025-10-27T09:45:00.000000,265.2070007324219,266.3299865722656,264.87078857421875,265.260009765625,265.18499755859375,0.07501220703125,0.02828674612887018
GOOGL,2025-10-27T10:00:00,2025-10-27T10:00:00.000000,265.2799987792969,265.4236145019531,264.42999267578125,264.5400085449219,265.260009765625,-0.720001220703125,-0.2714322529578787
GOOGL,2025-10-27T10:15:00,2025-10-27T10:15:00.000000,264.5799865722656,265.4200134277344,264.55999755859375,265.0400085449219,264.5400085449219,0.5,0.18900732737940257
GOOGL,2025-10-27T10:30:00,2025-10-27T10:30:00.000000,265.0350036621094,265.6199035644531,264.43780517578125,265.5799865722656,265.0400085449219,0.53997802734375,0.20373453438529776
GOOGL,2025-10-27T10:45:00,2025-10-27T10:45:00.000000,265.6050109863281,266.114990234375,265.0,265.7699890136719,265.5799865722656,0.19000244140625,0.0715424546324199
GOOGL,2025-10-27T11:00:00,2025-10-27T11:00:00.000000,265.739990234375,266.4289855957031,265.5199890136719,266.0150146484375,265.7699890136719,0.245025634765625,0.0921946212493617
GOOGL,2025-10-27T11:15:00,2025-10-27T11:15:00.000000,266.00750732421875,266.57000732421875,265.81500244140625,266.44500732421875,266.0150146484375,0.42999267578125,0.16164225780620825
GOOGL,2025-10-27T11:30:00,2025-10-27T11:30:00.000000,266.4649963378906,266.9800109863281,266.2300109863281,266.95001220703125,266.44500732421875,0.5050048828125,0.18953437629926914
GOOGL,2025-10-27T11:45:00,2025-10-27T11:45:00.000000,266.9599914550781,267.1099853515625,266.3299865722656,266.55841064453125,266.95001220703125,-0.3916015625,-0.1466947160865069
GOOGL,2025-10-27T12:00:00,2025-10-27T12:00:00.000000,266.54998779296875,266.7799987792969,266.239990234375,266.56500244140625,266.55841064453125,0.006591796875,0.002472927738074821
GOOGL,2025-10-27T12:15:00,2025-10-27T12:15:00.000000,266.55999755859375,267.20001220703125,266.29071044921875,266.95001220703125,266.56500244140625,0.385009765625,0.14443372614513758
GOOGL,2025-10-27T12:30:00,2025-10-27T12:30:00.000000,266.9700012207031,267.510009765625,266.7099914550781,267.06500244140625,266.95001220703125,0.114990234375,0.04307556812764635
GOOGL,2025-10-27T12:45:00,2025-10-27T12:45:00.000000,267.0799865722656,267.19500732421875,266.7300109863281,267.0199890136719,267.06500244140625,-0.045013427734375,-0.016854858301491936
GOOGL,2025-10-27T13:00:00,2025-10-27T13:00:00.000000,267.010009765625,267.4700012207031,266.9501037597656,267.2925109863281,267.0199890136719,0.27252197265625,0.10206051377011195
GOOGL,2025-10-27T13:15:00,2025-10-27T13:15:00.000000,267.2799987792969,267.8500061035156,267.2300109863281,267.70001220703125,267.2925109863281,0.407501220703125,0.1524551582831172
GOOGL,2025-10-27T13:30:00,2025-10-27T13:30:00.000000,267.70001220703125,268.2250061035156,267.6400146484375,268.1698913574219,267.70001220703125,0.469879150390625,0.17552451586264195
GOOGL,2025-10-27T13:45:00,2025-10-27T13:45:00.000000,268.17999267578125,268.2900085449219,267.6300048828125,268.17999267578125,268.1698913574219,0.010101318359375,0.003766760805340288
GOOGL,2025-10-27T14:00:00,2025-10-27T14:00:00.000000,268.19500732421875,268.80999755859375,268.1400146484375,268.7099914550781,268.17999267578125,0.529998779296875,0.19762800871488653
GOOGL,2025-10-27T14:15:00,2025-10-27T14:15:00.000000,268.7099914550781,269.2204895019531,268.3999938964844,268.92999267578125,268.7099914550781,0.220001220703125,0.08187310769942246
GOOGL,2025-10-27T14:30:00,2025-10-27T14:30:00.000000,268.9100036621094,269.739990234375,268.6199951171875,269.489990234375,268.92999267578125,0.55999755859375,0.20823172343922097
GOOGL,2025-10-27T14:45:00,2025-10-27T14:45:00.000000,269.4801025390625,269.70001220703125,268.7301025390625,268.7301025390625,269.489990234375,-0.7598876953125,-0.28197251209650753
GOOGL,2025-10-27T15:00:00,2025-10-27T15:00:00.000000,268.75,268.8500061035156,268.0,268.3500061035156,268.7301025390625,-0.380096435546875,-0.14144170375986231
GOOGL,2025-10-27T15:15:00,2025-10-27T15:15:00.000000,268.3450012207031,268.70001220703125,267.9700012207031,268.2200012207031,268.3500061035156,-0.1300048828125,-0.04844601447944473
GOOGL,2025-10-27T15:30:00,2025-10-27T15:30:00.000000,268.20001220703125,268.989990234375,268.0400085449219,268.9750061035156,268.2200012207031,0.7550048828125,0.28148716701826015
GOOGL,2025-10-27T15:45:00,2025-10-27T15:45:00.000000,268.9700012207031,270.05999755859375,268.7699890136719,269.2699890136719,268.9750061035156,0.29498291015625,0.1096692642299728
GOOGL,2025-10-28T09:30:00,2025-10-28T09:30:00.000000,269.5150146484375,270.7300109863281,268.3349914550781,269.3999938964844,269.2699890136719,0.1300048828125,0.04828049471413584
GOOGL,2025-10-28T09:45:00,2025-10-28T09:45:00.000000,269.3599853515625,269.3599853515625,267.19000244140625,267.4700012207031,269.3999938964844,-1.92999267578125,-0.7164041275081989
GOOGL,2025-10-28T10:00:00,2025-10-28T10:00:00.000000,267.4599914550781,268.3299865722656,266.7200012207031,267.739990234375,267.4700012207031,0.269989013671875,0.10094179251492705
GOOGL,2025-10-28T10:15:00,2025-10-28T10:15:00.000000,267.7300109863281,267.8450012207031,267.0299987792969,267.3299865722656,267.739990234375,-0.410003662109375,-0.15313501048179798
GOOGL,2025-10-28T10:30:00,2025-10-28T10:30:00.000000,267.3399963378906,267.79998779296875,266.8800048828125,267.04998779296875,267.3299865722656,-0.279998779296875,-0.10473900922490964
GOOGL,2025-10-28T10:45:00,2025-10-28T10:45:00.000000,267.0199890136719,267.1300048828125,266.5,266.70001220703125,267.04998779296875,-0.3499755859375,-0.13105246281037825
GOOGL,2025-10-28T11:00:00,2025-10-28T11:00:00.000000,266.7200012207031,267.7799987792969,266.614990234375,267.4670104980469,266.70001220703125,0.766998291015625,0.2875883974164302
GOOGL,2025-10-28T11:15:00,2025-10-28T11:15:00.000000,267.45001220703125,267.68499755859375,267.1300048828125,267.2799987792969,267.4670104980469,-0.18701171875,-0.06991954574202175
GOOGL,2025-10-28T11:30:00,2025-10-28T11:30:00.000000,267.2850036621094,267.4200134277344,266.760009765625,267.19989013671875,267.2799987792969,-0.080108642578125,-0.0299718059503112
GOOGL,2025-10-28T11:45:00,2025-10-28T11:45:00.000000,267.17999267578125,267.32000732421875,266.5429992675781,266.67999267578125,267.19989013671875,-0.5198974609375,-0.19457248304686164
GOOGL,2025-10-28T12:00:00,2025-10-28T12:00:00.000000,266.69000244140625,267.1400146484375,266.5400085449219,266.5799865722656,266.67999267578125,-0.100006103515625,-0.03750041482759765
GOOGL,2025-10-28T12:15:00,2025-10-28T12:15:00.000000,266.5799865722656,267.1199951171875,266.5,267.1199951171875,266.5799865722656,0.540008544921875,0.2025690494869491
GOOGL,2025-10-28T12:30:00,2025-10-28T12:30:00.000000,267.114990234375,267.7900085449219,266.7799987792969,266.92999267578125,267.1199951171875,-0.19000244140625,-0.07112999583685023
GOOGL,2025-10-28T12:45:00,2025-10-28T12:45:00.000000,266.9100036621094,267.5400085449219,266.8800048828125,267.3900146484375,266.92999267578125,0.46002197265625,0.1723380606446134
GOOGL,2025-10-28T13:00:00,2025-10-28T13:00:00.000000,267.393798828125,268.2300109863281,267.3800048828125,267.8900146484375,267.3900146484375,0.5,0.18699277183457896
GOOGL,2025-10-28T13:15:00,2025-10-28T13:15:00.000000,267.8999938964844,268.17999267578125,267.8999938964844,268.0799865722656,267.8900146484375,0.189971923828125,0.07091414888211961
GOOGL,2025-10-28T13:30:00,2025-10-28T13:30:00.000000,268.04998779296875,268.1499938964844,267.8201904296875,268.0,268.0799865722656,-0.079986572265625,-0.029836830898252537
GOOGL,2025-10-28T13:45:00,2025-10-28T13:45:00.000000,268.0,268.3800048828125,267.8299865722656,268.1400146484375,268.0,0.1400146484375,0.05224427180503731
GOOGL,2025-10-28T14:00:00,2025-10-28T14:00:00.000000,268.1211853027344,268.29998779296875,267.9281921386719,268.17498779296875,268.1400146484375,0.03497314453125,0.013042866644541596
GOOGL,2025-10-28T14:15:00,2025-10-28T14:15:00.000000,268.1600036621094,268.32000732421875,267.8800048828125,268.1499938964844,268.17498779296875,-0.024993896484375,-0.009319995384383238
GOOGL,2025-10-28T14:30:00,2025-10-28T14:30:00.000000,268.1400146484375,268.19000244140625,267.3500061035156,267.71990966796875,268.1499938964844,-0.430084228515625,-0.16038942319784394
GOOGL,2025-10-28T14:45:00,2025-10-28T14:45:00.000000,267.760009765625,268.1000061035156,267.67999267578125,267.9599914550781,267.71990966796875,0.240081787109375,0.08967647845359313
GOOGL,2025-10-28T15:00:00,2025-10-28T15:00:00.000000,267.9599914550781,268.14990234375,267.59039306640625,267.989990234375,267.9599914550781,0.029998779296875,0.011195245653642332
GOOGL,2025-10-28T15:15:00,2025-10-28T15:15:00.000000,267.9800109863281,268.1000061035156,267.7200012207031,267.9700012207031,267.989990234375,-0.019989013671875,-0.007458865778678258
GOOGL,2025-10-28T15:30:00,2025-10-28T15:30:00.000000,267.9800109863281,268.0,267.5150146484375,267.6099853515625,267.9700012207031,-0.360015869140625,-0.13434931802090483
GOOGL,2025-10-28T15:45:00,2025-10-28T15:45:00.000000,267.6099853515625,268.0299987792969,266.8900146484375,267.489990234375,267.6099853515625,-0.1199951171875,-0.04483955149500904
GOOGL,2025-10-29T09:30:00,2025-10-29T09:30:00.000000,267.7550048828125,270.1000061035156,267.6700134277344,268.7099914550781,267.489990234375,1.220001220703125,0.45609228952237
GOOGL,2025-10-29T09:45:00,2025-10-29T09:45:00.000000,268.7300109863281,269.1864929199219,268.114990234375,269.1000061035156,268.7099914550781,0.3900146484375,0.14514333699523083
GOOGL,2025-10-29T10:00:00,2025-10-29T10:00:00.000000,269.1210021972656,269.3999938964844,268.45001220703125,268.6600036621094,269.1000061035156,-0.44000244140625,-0.16350889313506473
GOOGL,2025-10-29T10:15:00,2025-10-29T10:15:00.000000,268.68499755859375,269.260009765625,268.1700134277344,269.260009765625,268.6600036621094,0.600006103515625,0.22333287252919337
GOOGL,2025-10-29T10:30:00,2025-10-29T10:30:00.000000,269.239990234375,269.33990478515625,268.8550109863281,269.2250061035156,269.260009765625,-0.035003662109375,-0.012999948317555075
GOOGL,2025-10-29T10:45:00,2025-10-29T10:45:00.000000,269.25,270.92999267578125,269.2300109863281,270.1050109863281,269.2250061035156,0.8800048828125,0.326865953333526
GOOGL,2025-10-29T11:00:00,2025-10-29T11:00:00.000000,270.1050109863281,270.94000244140625,269.95001220703125,270.0950012207031,270.1050109863281,-0.010009765625,-0.0037058792757853217
GOOGL,2025-10-29T11:15:00,2025-10-29T11:15:00.000000,270.0849914550781,270.7799987792969,269.82000732421875,270.42498779296875,270.0950012207031,0.329986572265625,0.12217426119485367
GOOGL,2025-10-29T11:30:00,2025-10-29T11:30:00.000000,270.42999267578125,271.19000244140625,270.32000732421875,270.8299865722656,270.42498779296875,0.404998779296875,0.14976381531980798
GOOGL,2025-10-29T11:45:00,2025-10-29T11:45:00.000000,270.8550109863281,272.2900085449219,270.8275146484375,272.239990234375,270.8299865722656,1.410003662109375,0.5206231702607803
GOOGL,2025-10-29T12:00:00,2025-10-29T12:00:00.000000,272.2099914550781,272.4283142089844,271.44000244140625,271.6424865722656,272.239990234375,-0.597503662109375,-0.21947681587667417
GOOGL,2025-10-29T12:15:00,2025-10-29T12:15:00.000000,271.6199951171875,272.07000732421875,271.5000915527344,271.83050537109375,271.6424865722656,0.188018798828125,0.06921553443301513
GOOGL,2025-10-29T12:30:00,2025-10-29T12:30:00.000000,271.8399963378906,272.1789855957031,271.7799987792969,271.80999755859375,271.83050537109375,-0.0205078125,-0.007544338142624366
GOOGL,2025-10-29T12:45:00,2025-10-29T12:45:00.000000,271.79998779296875,272.1600036621094,271.54998779296875,271.6600036621094,271.80999755859375,-0.149993896484375,-0.05518336258107688
GOOGL,2025-10-29T13:00:00,2025-10-29T13:00:00.000000,271.6600036621094,271.95001220703125,271.510009765625,271.7650146484375,271.6600036621094,0.105010986328125,0.03865529887084064
GOOGL,2025-10-29T13:15:00,2025-10-29T13:15:00.000000,271.7650146484375,272.1199951171875,271.6099853515625,272.0199890136719,271.7650146484375,0.254974365234375,0.09382162952954656
GOOGL,2025-10-29T13:30:00,2025-10-29T13:30:00.000000,272.010009765625,273.3599853515625,272.0000915527344,273.0799865722656,272.0199890136719,1.05999755859375,0.38967634784386157
GOOGL,2025-10-29T13:45:00,2025-10-29T13:45:00.000000,273.0849914550781,273.1099853515625,272.4599914550781,272.8699951171875,273.0799865722656,-0.209991455078125,-0.07689741665581729
GOOGL,2025-10-29T14:00:00,2025-10-29T14:00:00.000000,272.8900146484375,273.1000061035156,272.239990234375,272.3699951171875,272.8699951171875,-0.5,-0.18323744235245382
GOOGL,2025-10-29T14:15:00,2025-10-29T14:15:00.000000,272.360107421875,273.3900146484375,272.2699890136719,273.29998779296875,272.3699951171875,0.92999267578125,0.34144461300927054
GOOGL,2025-10-29T14:30:00,2025-10-29T14:30:00.000000,273.29998779296875,273.489990234375,271.17999267578125,271.6099853515625,273.29998779296875,-1.69000244140625,-0.6183690145959564
GOOGL,2025-10-29T14:45:00,2025-10-29T14:45:00.000000,271.57501220703125,273.2640075683594,271.4599914550781,272.9442138671875,271.6099853515625,1.334228515625,0.4912295525136976
GOOGL,2025-10-29T15:00:00,2025-10-29T15:00:00.000000,272.9700012207031,273.7300109863281,272.3599853515625,273.45001220703125,272.9442138671875,0.50579833984375,0.1853119847009717
GOOGL,2025-10-29T15:15:00,2025-10-29T15:15:00.000000,273.4599914550781,273.6000061035156,272.6679992675781,273.07501220703125,273.45001220703125,-0.375,-0.13713658191980055
GOOGL,2025-10-29T15:30:00,2025-10-29T15:30:00.000000,273.04998779296875,274.3800048828125,272.875,273.8299865722656,273.07501220703125,0.754974365234375,0.27647142048353834
GOOGL,2025-10-29T15:45:00,2025-10-29T15:45:00.000000,273.7900085449219,275.33599853515625,273.7900085449219,275.0400085449219,273.8299865722656,1.21002197265625,0.4418880444041204
GOOGL,2025-10-30T09:30:00,2025-10-30T09:30:00.000000,291.4700012207031,291.4700012207031,280.20001220703125,280.3699951171875,275.0400085449219,5.329986572265625,1.9378949995178925
GOOGL,2025-10-30T09:45:00,2025-10-30T09:45:00.000000,280.3330078125,289.32000732421875,280.07000732421875,287.80999755859375,280.3699951171875,7.44000244140625,2.6536371833571275
GOOGL,2025-10-30T10:00:00,2025-10-30T10:00:00.000000,287.8699951171875,290.010009765625,287.69000244140625,289.44000244140625,287.80999755859375,1.6300048828125,0.5663475545114293
GOOGL,2025-10-30T10:15:00,2025-10-30T10:15:00.000000,289.33050537109375,289.9549865722656,288.0820007324219,289.0400085449219,289.44000244140625,-0.399993896484375,-0.13819578949366168
GOOGL,2025-10-30T10:30:00,2025-10-30T10:30:00.000000,289.05999755859375,290.1000061035156,288.2727966308594,289.37799072265625,289.0400085449219,0.337982177734375,0.11693266251818792
GOOGL,2025-10-30T10:45:00,2025-10-30T10:45:00.000000,289.3699951171875,289.5799865722656,287.8345947265625,288.364990234375,289.37799072265625,-1.01300048828125,-0.35006134563016
GOOGL,2025-10-30T11:00:00,2025-10-30T11:00:00.000000,288.3699951171875,288.95001220703125,287.0350036621094,288.7900085449219,288.364990234375,0.425018310546875,0.1473890121687213
GOOGL,2025-10-30T11:15:00,2025-10-30T11:15:00.000000,288.7550048828125,289.04998779296875,287.6575012207031,288.3949890136719,288.7900085449219,-0.39501953125,-0.13678434833681372
GOOGL,2025-10-30T11:30:00,2025-10-30T11:30:00.000000,288.4599914550781,290.0,288.1400146484375,288.57501220703125,288.3949890136719,0.180023193359375,0.06242244151851081
GOOGL,2025-10-30T11:45:00,2025-10-30T11:45:00.000000,288.5899963378906,288.864990234375,286.3500061035156,286.56500244140625,288.57501220703125,-2.010009765625,-0.6965293877153045
GOOGL,2025-10-30T12:00:00,2025-10-30T12:00:00.000000,286.6300048828125,287.6000061035156,285.94000244140625,287.25830078125,286.56500244140625,0.69329833984375,0.24193405821965586
GOOGL,2025-10-30T12:15:00,2025-10-30T12:15:00.000000,287.260009765625,287.70001220703125,285.658203125,286.0,287.25830078125,-1.25830078125,-0.4380380924860404
GOOGL,2025-10-30T12:30:00,2025-10-30T12:30:00.000000,285.9700012207031,286.0199890136719,283.8399963378906,285.2650146484375,286.0,-0.7349853515625,-0.2569878851617133
GOOGL,2025-10-30T12:45:00,2025-10-30T12:45:00.000000,285.2699890136719,286.1700134277344,285.0899963378906,285.5899963378906,285.2650146484375,0.324981689453125,0.11392272895911705
GOOGL,2025-10-30T13:00:00,2025-10-30T13:00:00.000000,285.6025085449219,285.9100036621094,285.1000061035156,285.8599853515625,285.5899963378906,0.269989013671875,0.09453727971355215
GOOGL,2025-10-30T13:15:00,2025-10-30T13:15:00.000000,285.8399963378906,285.989990234375,285.0899963378906,285.3999938964844,285.8599853515625,-0.459991455078125,-0.16091495090241761
GOOGL,2025-10-30T13:30:00,2025-10-30T13:30:00.000000,285.32000732421875,285.3299865722656,284.010009765625,284.30999755859375,285.3999938964844,-1.089996337890625,-0.3819188371412407
GOOGL,2025-10-30T13:45:00,2025-10-30T13:45:00.000000,284.3500061035156,284.68829345703125,283.79998779296875,284.0098876953125,284.30999755859375,-0.30010986328125,-0.10555726701780863
GOOGL,2025-10-30T14:00:00,2025-10-30T14:00:00.000000,283.99969482421875,283.99969482421875,282.5,282.875,284.0098876953125,-1.1348876953125,-0.3995944312086819
GOOGL,2025-10-30T14:15:00,2025-10-30T14:15:00.000000,282.8699951171875,283.42999267578125,282.7099914550781,283.375,282.875,0.5,0.17675651789659744
GOOGL,2025-10-30T14:30:00,2025-10-30T14:30:00.000000,283.3599853515625,283.739990234375,283.1000061035156,283.3851013183594,283.375,0.010101318359375,0.0035646469728716364
GOOGL,2025-10-30T14:45:00,2025-10-30T14:45:00.000000,283.3999938964844,284.04998779296875,283.2300109863281,283.8949890136719,283.3851013183594,0.5098876953125,0.17992748840373368
GOOGL,2025-10-30T15:00:00,2025-10-30T15:00:00.000000,283.8800048828125,283.8800048828125,282.8699951171875,282.9200134277344,283.8949890136719,-0.9749755859375,-0.34342824765059415
GOOGL,2025-10-30T15:15:00,2025-10-30T15:15:00.000000,282.95001220703125,283.4100036621094,282.02301025390625,283.4100036621094,282.9200134277344,0.489990234375,0.17319037576680912
GOOGL,2025-10-30T15:30:00,2025-10-30T15:30:00.000000,283.3599853515625,283.6449890136719,282.8900146484375,283.0299987792969,283.4100036621094,-0.3800048828125,-0.13408308736538255
GOOGL,2025-10-30T15:45:00,2025-10-30T15:45:00.000000,283.0400085449219,283.739990234375,280.7300109863281,281.385009765625,283.0299987792969,-1.644989013671875,-0.5812065932115613
GOOGL,2025-10-31T09:30:00,2025-10-31T09:30:00.000000,282.7900085449219,286.0,280.30999755859375,280.90130615234375,281.385009765625,-0.48370361328125,-0.17190098850117955
GOOGL,2025-10-31T09:45:00,2025-10-31T09:45:00.000000,280.8500061035156,281.739990234375,278.0899963378906,278.1199951171875,280.90130615234375,-2.78131103515625,-0.9901381639172002
GOOGL,2025-10-31T10:00:00,2025-10-31T10:00:00.000000,278.1449890136719,279.26800537109375,277.0299987792969,278.7294006347656,278.1199951171875,0.609405517578125,0.21911603921945574
GOOGL,2025-10-31T10:15:00,2025-10-31T10:15:00.000000,278.7449951171875,279.55999755859375,278.2900085449219,278.4468994140625,278.7294006347656,-0.282501220703125,-0.1013532193086806
GOOGL,2025-10-31T10:30:00,2025-10-31T10:30:00.000000,278.4599914550781,279.6000061035156,278.260009765625,279.5799865722656,278.4468994140625,1.133087158203125,0.4069311457902699
GOOGL,2025-10-31T10:45:00,2025-10-31T10:45:00.000000,279.5,280.8900146484375,279.2149963378906,280.70001220703125,279.5799865722656,1.120025634765625,0.40061008961960215
GOOGL,2025-10-31T11:00:00,2025-10-31T11:00:00.000000,280.70001220703125,282.17498779296875,280.2099914550781,281.95001220703125,280.70001220703125,1.25,0.44531526385472986
GOOGL,2025-10-31T11:15:00,2025-10-31T11:15:00.000000,281.9200134277344,282.3599853515625,280.3299865722656,280.8299865722656,281.95001220703125,-1.120025634765625,-0.3972426268040764
GOOGL,2025-10-31T11:30:00,2025-10-31T11:30:00.000000,280.864990234375,281.3999938964844,280.25,281.3949890136719,280.8299865722656,0.56500244140625,0.20119021059770578
GOOGL,2025-10-31T11:45:00,2025-10-31T11:45:00.000000,281.3900146484375,281.6099853515625,279.79998779296875,280.4599914550781,281.3949890136719,-0.93499755859375,-0.33227228454602015
GOOGL,2025-10-31T12:00:00,2025-10-31T12:00:00.000000,280.38250732421875,280.38250732421875,278.9700012207031,279.3900146484375,280.4599914550781,-1.069976806640625,-0.3815078225915176
GOOGL,2025-10-31T12:15:00,2025-10-31T12:15:00.000000,279.4049987792969,279.489990234375,278.2950134277344,278.82501220703125,279.3900146484375,-0.56500244140625,-0.2022271419102808
GOOGL,2025-10-31T12:30:00,2025-10-31T12:30:00.000000,278.79998779296875,280.4999084472656,278.7300109863281,280.2650146484375,278.82501220703125,1.44000244140625,0.516453825289185
GOOGL,2025-10-31T12:45:00,2025-10-31T12:45:00.000000,280.25,280.7300109863281,279.6300048828125,279.7900085449219,280.2650146484375,-0.475006103515625,-0.16948462301349648
GOOGL,2025-10-31T13:00:00,2025-10-31T13:00:00.000000,279.7900085449219,279.9200134277344,279.2300109863281,279.739990234375,279.7900085449219,-0.050018310546875,-0.017877089609811523
GOOGL,2025-10-31T13:15:00,2025-10-31T13:15:00.000000,279.7300109863281,280.0899963378906,279.4800109863281,279.79998779296875,279.739990234375,0.05999755859375,0.021447615889126952
GOOGL,2025-10-31T13:30:00,2025-10-31T13:30:00.000000,279.7799987792969,280.32000732421875,279.6449890136719,280.32000732421875,279.79998779296875,0.52001953125,0.18585402213626112
GOOGL,2025-10-31T13:45:00,2025-10-31T13:45:00.000000,280.3399963378906,281.5,280.29998779296875,281.0400085449219,280.32000732421875,0.720001220703125,0.2568497438252311
GOOGL,2025-10-31T14:00:00,2025-10-31T14:00:00.000000,281.010009765625,281.3900146484375,280.43499755859375,280.6700134277344,281.0400085449219,-0.3699951171875,-0.1316521156909798
GOOGL,2025-10-31T14:15:00,2025-10-31T14:15:00.000000,280.6600036621094,280.7869873046875,280.0199890136719,280.2300109863281,280.6700134277344,-0.44000244140625,-0.15676859669924798
GOOGL,2025-10-31T14:30:00,2025-10-31T14:30:00.000000,280.20001220703125,280.4100036621094,279.3475036621094,279.4100036621094,280.2300109863281,-0.82000732421875,-0.29261938124776954
GOOGL,2025-10-31T14:45:00,2025-10-31T14:45:00.000000,279.4100036621094,279.67999267578125,278.7250061035156,279.29998779296875,279.4100036621094,-0.110015869140625,-0.03937434869857675
GOOGL,2025-10-31T15:00:00,2025-10-31T15:00:00.000000,279.2799987792969,280.2892150878906,279.2300109863281,279.989990234375,279.29998779296875,0.69000244140625,0.2470470718092958
GOOGL,2025-10-31T15:15:00,2025-10-31T15:15:00.000000,279.9599914550781,281.07989501953125,279.54998779296875,280.92999267578125,279.989990234375,0.94000244140625,0.3357271596100237
GOOGL,2025-10-31T15:30:00,2025-10-31T15:30:00.000000,280.92999267578125,281.6499938964844,280.79998779296875,281.5882873535156,280.92999267578125,0.658294677734375,0.2343269479574959
GOOGL,2025-10-31T15:45:00,2025-10-31T15:45:00.000000,281.5877990722656,281.9800109863281,280.6199951171875,281.2799987792969,281.5882873535156,-0.30828857421875,-0.10948203034869626
GOOGL,2025-11-03T09:30:00,2025-11-03T09:30:00.000000,282.1549987792969,282.2900085449219,279.79998779296875,280.1200866699219,281.2799987792969,-1.159912109375,-0.412369210185155
GOOGL,2025-11-03T09:45:00,2025-11-03T09:45:00.000000,280.135009765625,282.6050109863281,280.07000732421875,280.9200134277344,280.1200866699219,0.7999267578125,0.2855656541171536
GOOGL,2025-11-03T10:00:00,2025-11-03T10:00:00.000000,280.8900146484375,281.7200012207031,280.0,281.3699951171875,280.9200134277344,0.449981689453125,0.16018142814480577
GOOGL,2025-11-03T10:15:00,2025-11-03T10:15:00.000000,281.3399963378906,282.8900146484375,281.1400146484375,282.6300048828125,281.3699951171875,1.260009765625,0.44781241336704003
GOOGL,2025-11-03T10:30:00,2025-11-03T10:30:00.000000,282.6000061035156,283.42999267578125,281.9700012207031,282.94500732421875,282.6300048828125,0.31500244140625,0.11145399850127737
GOOGL,2025-11-03T10:45:00,2025-11-03T10:45:00.000000,282.9599914550781,283.2149963378906,281.4200134277344,281.81500244140625,282.94500732421875,-1.1300048828125,-0.3993726178450143
GOOGL,2025-11-03T11:00:00,2025-11-03T11:00:00.000000,281.8500061035156,282.67498779296875,281.3299865722656,282.5791931152344,281.81500244140625,0.764190673828125,0.2711674918680073
GOOGL,2025-11-03T11:15:00,2025-11-03T11:15:00.000000,282.57550048828125,282.93499755859375,282.2799987792969,282.3699951171875,282.5791931152344,-0.209197998046875,-0.07403163542956438
GOOGL,2025-11-03T11:30:00,2025-11-03T11:30:00.000000,282.385009765625,283.0190124511719,282.2560119628906,282.6700134277344,282.3699951171875,0.300018310546875,0.1062500675478509
GOOGL,2025-11-03T11:45:00,2025-11-03T11:45:00.000000,282.6400146484375,283.5799865722656,282.6199951171875,283.2325134277344,282.6700134277344,0.5625,0.19899528541388956
GOOGL,2025-11-03T12:00:00,2025-11-03T12:00:00.000000,283.2699890136719,283.4700012207031,282.7200012207031,282.94000244140625,283.2325134277344,-0.292510986328125,-0.10327592082847437
GOOGL,2025-11-03T12:15:00,2025-11-03T12:15:00.000000,282.93499755859375,283.2204895019531,282.25,282.3349914550781,282.94000244140625,-0.605010986328125,-0.21383013398871237
GOOGL,2025-11-03T12:30:00,2025-11-03T12:30:00.000000,282.3299865722656,282.55950927734375,281.8500061035156,282.4599914550781,282.3349914550781,0.125,0.04427364789457511
GOOGL,2025-11-03T12:45:00,2025-11-03T12:45:00.000000,282.4800109863281,283.210205078125,282.4549865722656,282.9200134277344,282.4599914550781,0.46002197265625,0.16286270147020485
GOOGL,2025-11-03T13:00:00,2025-11-03T13:00:00.000000,282.8900146484375,282.95001220703125,282.4100036621094,282.81500244140625,282.9200134277344,-0.105010986328125,-0.037116846226556435
GOOGL,2025-11-03T13:15:00,2025-11-03T13:15:00.000000,282.81500244140625,282.8399963378906,282.2099914550781,282.25,282.81500244140625,-0.56500244140625,-0.19977810106566307
GOOGL,2025-11-03T13:30:00,2025-11-03T13:30:00.000000,282.2699890136719,282.5400085449219,282.1050109863281,282.4049987792969,282.25,0.154998779296875,0.05491542224867139
GOOGL,2025-11-03T13:45:00,2025-11-03T13:45:00.000000,282.4100036621094,283.2200012207031,282.29998779296875,283.1199951171875,282.4049987792969,0.714996337890625,0.2531811904821854
GOOGL,2025-11-03T14:00:00,2025-11-03T14:00:00.000000,283.0899963378906,283.4200134277344,282.42999267578125,282.44000244140625,283.1199951171875,-0.67999267578125,-0.2401782592217802
GOOGL,2025-11-03T14:15:00,2025-11-03T14:15:00.000000,282.4150085449219,283.0799865722656,282.3900146484375,282.8598937988281,282.44000244140625,0.419891357421875,0.148665682549335
GOOGL,2025-11-03T14:30:00,2025-11-03T14:30:00.000000,282.8299865722656,283.55999755859375,282.8254089355469,283.3500061035156,282.8598937988281,0.4901123046875,0.17327034176010517
GOOGL,2025-11-03T14:45:00,2025-11-03T14:45:00.000000,283.3599853515625,284.4800109863281,283.0,284.114990234375,283.3500061035156,0.764984130859375,0.26997851222205554
GOOGL,2025-11-03T15:00:00,2025-11-03T15:00:00.000000,284.1300048828125,285.17999267578125,284.1300048828125,285.06500244140625,284.114990234375,0.95001220703125,0.3343759532883345
GOOGL,2025-11-03T15:15:00,2025-11-03T15:15:00.000000,285.07000732421875,285.5299987792969,284.7099914550781,284.7200012207031,285.06500244140625,-0.345001220703125,-0.12102545656197779
GOOGL,2025-11-03T15:30:00,2025-11-03T15:30:00.000000,284.7200012207031,284.7699890136719,284.0450134277344,284.20001220703125,284.7200012207031,-0.519989013671875,-0.18263171236389575
GOOGL,2025-11-03T15:45:00,2025-11-03T15:45:00.000000,284.17999267578125,284.20001220703125,283.2200012207031,283.8900146484375,284.20001220703125,-0.30999755859375,-0.10907725027398169
GOOGL,2025-11-04T09:30:00,2025-11-04T09:30:00.000000,276.67999267578125,279.54998779296875,276.3900146484375,279.2149963378906,283.8900146484375,-4.675018310546875,-1.6467709568215367
GOOGL,2025-11-04T09:45:00,2025-11-04T09:45:00.000000,279.20001220703125,280.32000732421875,279.1000061035156,280.125,279.2149963378906,0.910003662109375,0.3259150382482102
GOOGL,2025-11-04T10:00:00,2025-11-04T10:00:00.000000,280.0899963378906,280.54949951171875,279.5400085449219,280.1000061035156,280.125,-0.024993896484375,-0.008922408383534136
GOOGL,2025-11-04T10:15:00,2025-11-04T10:15:00.000000,280.0899963378906,280.32000732421875,279.3500061035156,279.7099914550781,280.1000061035156,-0.3900146484375,-0.1392412138303787
GOOGL,2025-11-04T10:30:00,2025-11-04T10:30:00.000000,279.7099914550781,281.2699890136719,279.6249084472656,280.82000732421875,279.7099914550781,1.110015869140625,0.3968452694042913
GOOGL,2025-11-04T10:45:00,2025-11-04T10:45:00.000000,280.7200012207031,281.0299072265625,278.5799865722656,278.7099914550781,280.82000732421875,-2.110015869140625,-0.7513766163763826
GOOGL,2025-11-04T11:00:00,2025-11-04T11:00:00.000000,278.6724853515625,279.510009765625,278.6499938964844,279.3500061035156,278.7099914550781,0.6400146484375,0.22963462669426982
GOOGL,2025-11-04T11:15:00,2025-11-04T11:15:00.000000,279.32000732421875,279.32000732421875,278.6000061035156,278.8244934082031,279.3500061035156,-0.5255126953125,-0.18811980806535822
GOOGL,2025-11-04T11:30:00,2025-11-04T11:30:00.000000,278.82000732421875,279.0,278.1000061035156,278.7331848144531,278.8244934082031,-0.09130859375,-0.03274769466408494
GOOGL,2025-11-04T11:45:00,2025-11-04T11:45:00.000000,278.7300109863281,278.9549865722656,278.3949890136719,278.6099853515625,278.7331848144531,-0.123199462890625,-0.044199783019247
GOOGL,2025-11-04T12:00:00,2025-11-04T12:00:00.000000,278.625,278.7099914550781,277.7200012207031,277.7250061035156,278.6099853515625,-0.884979248046875,-0.31764089392925693
GOOGL,2025-11-04T12:15:00,2025-11-04T12:15:00.000000,277.7416076660156,278.0299987792969,277.0,277.6549987792969,277.7250061035156,-0.07000732421875,-0.02520742557573529
GOOGL,2025-11-04T12:30:00,2025-11-04T12:30:00.000000,277.6650085449219,277.67999267578125,276.75,277.0899963378906,277.6549987792969,-0.56500244140625,-0.20349082274414967
GOOGL,2025-11-04T12:45:00,2025-11-04T12:45:00.000000,277.1300048828125,277.7200012207031,277.0400085449219,277.343505859375,277.0899963378906,0.253509521484375,0.09148995807673946
GOOGL,2025-11-04T13:00:00,2025-11-04T13:00:00.000000,277.3299865722656,277.8399963378906,277.2304992675781,277.54998779296875,277.343505859375,0.20648193359375,0.07444988948053652
GOOGL,2025-11-04T13:15:00,2025-11-04T13:15:00.000000,277.55999755859375,277.739990234375,276.70001220703125,276.8699951171875,277.54998779296875,-0.67999267578125,-0.24499827263133336
GOOGL,2025-11-04T13:30:00,2025-11-04T13:30:00.000000,276.881591796875,277.4599914550781,276.8399963378906,277.4599914550781,276.8699951171875,0.589996337890625,0.21309508010823064
GOOGL,2025-11-04T13:45:00,2025-11-04T13:45:00.000000,277.45001220703125,278.6099853515625,277.3299865722656,278.1400146484375,277.4599914550781,0.680023193359375,0.2450887386657595
GOOGL,2025-11-04T14:00:00,2025-11-04T14:00:00.000000,278.1300048828125,278.3800048828125,277.7099914550781,278.0400085449219,278.1400146484375,-0.100006103515625,-0.03595530964576614
GOOGL,2025-11-04T14:15:00,2025-11-04T14:15:00.000000,278.04998779296875,278.3999938964844,277.8900146484375,278.1700134277344,278.0400085449219,0.1300048828125,0.04675761718353408
GOOGL,2025-11-04T14:30:00,2025-11-04T14:30:00.000000,278.1600036621094,278.20849609375,276.82501220703125,277.1400146484375,278.1700134277344,-1.029998779296875,-0.3702767119305107
GOOGL,2025-11-04T14:45:00,2025-11-04T14:45:00.000000,277.1099853515625,277.70001220703125,277.0000915527344,277.67999267578125,277.1400146484375,0.53997802734375,0.19483943090236622
GOOGL,2025-11-04T15:00:00,2025-11-04T15:00:00.000000,277.70001220703125,277.80999755859375,277.2699890136719,277.4643859863281,277.67999267578125,-0.215606689453125,-0.07764574155145093
GOOGL,2025-11-04T15:15:00,2025-11-04T15:15:00.000000,277.4549865722656,277.80999755859375,276.7799987792969,277.2300109863281,277.4643859863281,-0.234375,-0.08447030027541937
GOOGL,2025-11-04T15:30:00,2025-11-04T15:30:00.000000,277.25,277.6600036621094,276.82000732421875,277.6000061035156,277.2300109863281,0.3699951171875,0.13346142283482673
GOOGL,2025-11-04T15:45:00,2025-11-04T15:45:00.000000,277.5950012207031,277.739990234375,276.260009765625,277.5799865722656,277.6000061035156,-0.02001953125,-0.00721164654532998
GOOGL,2025-11-05T09:30:00,2025-11-05T09:30:00.000000,278.8949890136719,280.54998779296875,277.3399963378906,279.1600036621094,277.5799865722656,1.58001708984375,0.5692114584177365
GOOGL,2025-11-05T09:45:00,2025-11-05T09:45:00.000000,279.20001220703125,283.5,279.0799865722656,283.4800109863281,279.1600036621094,4.32000732421875,1.5475022451452662
GOOGL,2025-11-05T10:00:00,2025-11-05T10:00:00.000000,283.42999267578125,284.885009765625,282.8399963378906,283.7200012207031,283.4800109863281,0.239990234375,0.08465860909909956
GOOGL,2025-11-05T10:15:00,2025-11-05T10:15:00.000000,283.6650085449219,284.14990234375,282.54998779296875,283.14459228515625,283.7200012207031,-0.575408935546875,-0.20280873152092996
GOOGL,2025-11-05T10:30:00,2025-11-05T10:30:00.000000,283.1000061035156,284.2900085449219,282.6000061035156,284.07000732421875,283.14459228515625,0.9254150390625,0.3268347919322118
GOOGL,2025-11-05T10:45:00,2025-11-05T10:45:00.000000,284.0455017089844,284.2099914550781,282.42999267578125,283.2300109863281,284.07000732421875,-0.839996337890625,-0.29570046686833384
GOOGL,2025-11-05T11:00:00,2025-11-05T11:00:00.000000,283.2300109863281,283.3800048828125,282.5,282.6700134277344,283.2300109863281,-0.55999755859375,-0.1977182985106694
GOOGL,2025-11-05T11:15:00,2025-11-05T11:15:00.000000,282.6700134277344,283.6000061035156,282.1130065917969,283.4599914550781,282.6700134277344,0.78997802734375,0.2794700498168373
GOOGL,2025-11-05T11:30:00,2025-11-05T11:30:00.000000,283.4601135253906,284.7349853515625,283.3800048828125,284.4200134277344,283.4599914550781,0.96002197265625,0.33867988485013106
GOOGL,2025-11-05T11:45:00,2025-11-05T11:45:00.000000,284.3800048828125,284.8500061035156,283.9100036621094,284.0050048828125,284.4200134277344,-0.415008544921875,-0.14591397416810847
GOOGL,2025-11-05T12:00:00,2025-11-05T12:00:00.000000,284.0596923828125,284.614990234375,283.29998779296875,283.9100036621094,284.0050048828125,-0.095001220703125,-0.033450544557242876
GOOGL,2025-11-05T12:15:00,2025-11-05T12:15:00.000000,283.9100036621094,284.07501220703125,282.8299865722656,283.0799865722656,283.9100036621094,-0.83001708984375,-0.2923521817257206
GOOGL,2025-11-05T12:30:00,2025-11-05T12:30:00.000000,283.0849914550781,283.3299865722656,282.6700134277344,282.95001220703125,283.0799865722656,-0.129974365234375,-0.0459143603926923
GOOGL,2025-11-05T12:45:00,2025-11-05T12:45:00.000000,282.9599914550781,283.0199890136719,282.67498779296875,282.82000732421875,282.95001220703125,-0.1300048828125,-0.045946236862989404
GOOGL,2025-11-05T13:00:00,2025-11-05T13:00:00.000000,282.8800048828125,283.42999267578125,282.79998779296875,283.3699951171875,282.82000732421875,0.54998779296875,0.1944656596866062
GOOGL,2025-11-05T13:15:00,2025-11-05T13:15:00.000000,283.375,283.5,282.760009765625,283.4399108886719,283.3699951171875,0.069915771484375,0.024672962095179263
GOOGL,2025-11-05T13:30:00,2025-11-05T13:30:00.000000,283.44000244140625,283.57501220703125,282.9519958496094,282.9999084472656,283.4399108886719,-0.44000244140625,-0.15523658613450242
GOOGL,2025-11-05T13:45:00,2025-11-05T13:45:00.000000,282.9599914550781,284.1099853515625,282.864990234375,283.5,282.9999084472656,0.500091552734375,0.17671085318656998
GOOGL,2025-11-05T14:00:00,2025-11-05T14:00:00.000000,283.510009765625,286.3299865722656,282.9700012207031,283.7049865722656,283.5,0.204986572265625,0.07230566922949735
GOOGL,2025-11-05T14:15:00,2025-11-05T14:15:00.000000,283.7998962402344,284.2900085449219,283.010009765625,283.82000732421875,283.7049865722656,0.115020751953125,0.04054237937189969
GOOGL,2025-11-05T14:30:00,2025-11-05T14:30:00.000000,283.82501220703125,283.9100036621094,282.86041259765625,283.3800048828125,283.82000732421875,-0.44000244140625,-0.155028690737654
GOOGL,2025-11-05T14:45:00,2025-11-05T14:45:00.000000,283.3800048828125,283.57000732421875,283.1199951171875,283.1199951171875,283.3800048828125,-0.260009765625,-0.09175303872710536
GOOGL,2025-11-05T15:00:00,2025-11-05T15:00:00.000000,283.1199951171875,284.0799865722656,283.1199951171875,284.0299987792969,283.1199951171875,0.910003662109375,0.32141977882300793
GOOGL,2025-11-05T15:15:00,2025-11-05T15:15:00.000000,284.04998779296875,284.30999755859375,283.6798095703125,283.8949890136719,284.0299987792969,-0.135009765625,-0.04753362891428529
GOOGL,2025-11-05T15:30:00,2025-11-05T15:30:00.000000,283.8999938964844,284.69000244140625,283.8609924316406,284.5,283.8949890136719,0.605010986328125,0.21311083666185768
GOOGL,2025-11-05T15:45:00,2025-11-05T15:45:00.000000,284.4800109863281,284.8999938964844,284.04998779296875,284.2900085449219,284.5,-0.209991455078125,-0.07381070477262743
GOOGL,2025-11-06T09:30:00,2025-11-06T09:30:00.000000,285.3299865722656,287.7099914550781,284.510009765625,286.5350036621094,284.2900085449219,2.2449951171875,0.7896848463574332
GOOGL,2025-11-06T09:45:00,2025-11-06T09:45:00.000000,286.5350036621094,288.3500061035156,284.82598876953125,284.9200134277344,286.5350036621094,-1.614990234375,-0.5636275546562698
GOOGL,2025-11-06T10:00:00,2025-11-06T10:00:00.000000,284.94000244140625,284.95001220703125,283.7799987792969,284.44000244140625,284.9200134277344,-0.480010986328125,-0.16847218998530353
GOOGL,2025-11-06T10:15:00,2025-11-06T10:15:00.000000,284.45001220703125,285.3699951171875,283.739990234375,284.6737060546875,284.44000244140625,0.23370361328125,0.08216270963131925
GOOGL,2025-11-06T10:30:00,2025-11-06T10:30:00.000000,284.6600036621094,284.7699890136719,282.57000732421875,282.9599914550781,284.6737060546875,-1.713714599609375,-0.6019925841974882
GOOGL,2025-11-06T10:45:00,2025-11-06T10:45:00.000000,282.9700012207031,283.2699890136719,281.1400146484375,281.44000244140625,282.9599914550781,-1.519989013671875,-0.5371745333520707
GOOGL,2025-11-06T11:00:00,2025-11-06T11:00:00.000000,281.4200134277344,283.54998779296875,281.340087890625,283.4750061035156,281.44000244140625,2.035003662109375,0.72306837850211
GOOGL,2025-11-06T11:15:00,2025-11-06T11:15:00.000000,283.4700012207031,283.92999267578125,283.2650146484375,283.7200012207031,283.4750061035156,0.2449951171875,0.08642565020283867
GOOGL,2025-11-06T11:30:00,2025-11-06T11:30:00.000000,283.6700134277344,283.9599914550781,282.860107421875,283.6700134277344,283.7200012207031,-0.04998779296875,-0.017618706031889857
GOOGL,2025-11-06T11:45:00,2025-11-06T11:45:00.000000,283.70001220703125,284.3450012207031,283.19000244140625,283.5950012207031,283.6700134277344,-0.07501220703125,-0.0264434742766209
GOOGL,2025-11-06T12:00:00,2025-11-06T12:00:00.000000,283.5950012207031,284.75,283.5950012207031,284.4949951171875,283.5950012207031,0.899993896484375,0.3173518195350593
GOOGL,2025-11-06T12:15:00,2025-11-06T12:15:00.000000,284.5400085449219,284.9678039550781,284.3299865722656,284.8999938964844,284.4949951171875,0.404998779296875,0.14235708404291972
GOOGL,2025-11-06T12:30:00,2025-11-06T12:30:00.000000,284.8900146484375,285.0199890136719,284.375,284.7799987792969,284.8999938964844,-0.1199951171875,-0.04211832915345693
GOOGL,2025-11-06T12:45:00,2025-11-06T12:45:00.000000,284.760009765625,286.3800048828125,284.739990234375,286.31988525390625,284.7799987792969,1.539886474609375,0.5407284504565153
GOOGL,2025-11-06T13:00:00,2025-11-06T13:00:00.000000,286.29998779296875,286.4200134277344,284.510009765625,284.93780517578125,286.31988525390625,-1.382080078125,-0.4827048868433927
GOOGL,2025-11-06T13:15:00,2025-11-06T13:15:00.000000,284.9100036621094,285.68499755859375,284.6000061035156,285.3420104980469,284.93780517578125,0.404205322265625,0.1418573860412332
GOOGL,2025-11-06T13:30:00,2025-11-06T13:30:00.000000,285.32000732421875,285.5799865722656,285.010009765625,285.5025939941406,285.3420104980469,0.16058349609375,0.056277551214229345
GOOGL,2025-11-06T13:45:00,2025-11-06T13:45:00.000000,285.5150146484375,285.8598937988281,285.05999755859375,285.32000732421875,285.5025939941406,-0.182586669921875,-0.06395271838602708
GOOGL,2025-11-06T14:00:00,2025-11-06T14:00:00.000000,285.3399963378906,287.1600036621094,285.20001220703125,287.06500244140625,285.32000732421875,1.7449951171875,0.6115922726738904
GOOGL,2025-11-06T14:15:00,2025-11-06T14:15:00.000000,287.07000732421875,287.1700134277344,286.7250061035156,286.9549865722656,287.06500244140625,-0.110015869140625,-0.03832437538709745
GOOGL,2025-11-06T14:30:00,2025-11-06T14:30:00.000000,286.92999267578125,287.1700134277344,285.7099914550781,285.8599853515625,286.9549865722656,-1.095001220703125,-0.3815933759448241
GOOGL,2025-11-06T14:45:00,2025-11-06T14:45:00.000000,285.8599853515625,285.8949890136719,285.2699890136719,285.3900146484375,285.8599853515625,-0.469970703125,-0.16440590750993375
GOOGL,2025-11-06T15:00:00,2025-11-06T15:00:00.000000,285.3800048828125,285.7900085449219,284.8500061035156,285.69500732421875,285.3900146484375,0.30499267578125,0.10686872704952918
GOOGL,2025-11-06T15:15:00,2025-11-06T15:15:00.000000,285.7190856933594,285.7601013183594,285.1400146484375,285.1499938964844,285.69500732421875,-0.545013427734375,-0.19076757162783414
GOOGL,2025-11-06T15:30:00,2025-11-06T15:30:00.000000,285.1700134277344,285.6889953613281,285.0899963378906,285.4100036621094,285.1499938964844,0.260009765625,0.09118350734364356
GOOGL,2025-11-06T15:45:00,2025-11-06T15:45:00.000000,285.42498779296875,285.4700012207031,284.2799987792969,284.7900085449219,285.4100036621094,-0.6199951171875,-0.21722963779556184
GOOGL,2025-11-07T09:30:00,2025-11-07T09:30:00.000000,283.1300048828125,283.7799987792969,278.8800048828125,279.2200012207031,284.7900085449219,-5.57000732421875,-1.9558296137837132
GOOGL,2025-11-07T09:45:00,2025-11-07T09:45:00.000000,279.2099914550781,280.1199951171875,277.9700012207031,278.8500061035156,279.2200012207031,-0.3699951171875,-0.1325102483955101
GOOGL,2025-11-07T10:00:00,2025-11-07T10:00:00.000000,278.7699890136719,279.1700134277344,275.739990234375,279.0400085449219,278.8500061035156,0.19000244140625,0.06813786524921812
GOOGL,2025-11-07T10:15:00,2025-11-07T10:15:00.000000,278.94000244140625,279.5299987792969,277.92999267578125,278.2449951171875,279.0400085449219,-0.795013427734375,-0.28491019330168493
GOOGL,2025-11-07T10:30:00,2025-11-07T10:30:00.000000,278.239990234375,278.5799865722656,276.5400085449219,276.7099914550781,278.2449951171875,-1.535003662109375,-0.5516734133754617
GOOGL,2025-11-07T10:45:00,2025-11-07T10:45:00.000000,276.7099914550781,277.3599853515625,276.0899963378906,276.1400146484375,276.7099914550781,-0.569976806640625,-0.20598345713626195
GOOGL,2025-11-07T11:00:00,2025-11-07T11:00:00.000000,276.1199951171875,277.260009765625,275.8599853515625,276.19000244140625,276.1400146484375,0.04998779296875,0.01810233588652156
GOOGL,2025-11-07T11:15:00,2025-11-07T11:15:00.000000,276.1700134277344,277.4200134277344,275.92999267578125,276.614990234375,276.19000244140625,0.42498779296875,0.15387515449945052
GOOGL,2025-11-07T11:30:00,2025-11-07T11:30:00.000000,276.6199951171875,277.19000244140625,276.3399963378906,276.7699890136719,276.614990234375,0.154998779296875,0.05603412134879062
GOOGL,2025-11-07T11:45:00,2025-11-07T11:45:00.000000,276.760009765625,277.239990234375,275.5199890136719,275.8699035644531,276.7699890136719,-0.90008544921875,-0.3252106387785735
GOOGL,2025-11-07T12:00:00,2025-11-07T12:00:00.000000,275.8699951171875,276.3900146484375,275.19000244140625,276.239990234375,275.8699035644531,0.370086669921875,0.1341526078561192
GOOGL,2025-11-07T12:15:00,2025-11-07T12:15:00.000000,276.25,277.6907958984375,276.239990234375,277.2550048828125,276.239990234375,1.0150146484375,0.3674394310455607
GOOGL,2025-11-07T12:30:00,2025-11-07T12:30:00.000000,277.239990234375,277.43499755859375,276.75,277.3800048828125,277.2550048828125,0.125,0.04508484889310972
GOOGL,2025-11-07T12:45:00,2025-11-07T12:45:00.000000,277.3599853515625,277.510009765625,276.4100036621094,277.32000732421875,277.3800048828125,-0.05999755859375,-0.021630095009587215
GOOGL,2025-11-07T13:00:00,2025-11-07T13:00:00.000000,277.3399963378906,277.6050109863281,276.7799987792969,277.010009765625,277.32000732421875,-0.30999755859375,-0.11178333708585528
GOOGL,2025-11-07T13:15:00,2025-11-07T13:15:00.000000,277.0393981933594,277.7297058105469,276.7200012207031,277.5199890136719,277.010009765625,0.509979248046875,0.18410137903621698
GOOGL,2025-11-07T13:30:00,2025-11-07T13:30:00.000000,277.510009765625,277.82000732421875,277.1340026855469,277.44000244140625,277.5199890136719,-0.079986572265625,-0.02882191389164566
GOOGL,2025-11-07T13:45:00,2025-11-07T13:45:00.000000,277.45001220703125,277.5299987792969,276.3999938964844,276.9599914550781,277.44000244140625,-0.480010986328125,-0.1730143389937075
GOOGL,2025-11-07T14:00:00,2025-11-07T14:00:00.000000,276.9800109863281,277.5899963378906,276.7900085449219,277.57000732421875,276.9599914550781,0.610015869140625,0.22025414787737213
GOOGL,2025-11-07T14:15:00,2025-11-07T14:15:00.000000,277.54998779296875,277.82550048828125,277.04998779296875,277.20001220703125,277.57000732421875,-0.3699951171875,-0.13329794553606905
GOOGL,2025-11-07T14:30:00,2025-11-07T14:30:00.000000,277.20001220703125,279.1199951171875,277.20001220703125,278.9617004394531,277.20001220703125,1.761688232421875,0.6355296373890958
GOOGL,2025-11-07T14:45:00,2025-11-07T14:45:00.000000,278.9700012207031,279.5,278.32000732421875,279.44000244140625,278.9617004394531,0.478302001953125,0.17145794609068116
GOOGL,2025-11-07T15:00:00,2025-11-07T15:00:00.000000,279.4100036621094,279.4100036621094,277.9700012207031,278.4200134277344,279.44000244140625,-1.019989013671875,-0.3650118110365208
GOOGL,2025-11-07T15:15:00,2025-11-07T15:15:00.000000,278.45001220703125,278.54998779296875,277.9750061035156,278.31939697265625,278.4200134277344,-0.100616455078125,-0.03613837016937025
GOOGL,2025-11-07T15:30:00,2025-11-07T15:30:00.000000,278.32501220703125,279.1300048828125,278.25,279.1300048828125,278.31939697265625,0.81060791015625,0.29125095806236206
GOOGL,2025-11-07T15:45:00,2025-11-07T15:45:00.000000,279.1300048828125,279.19000244140625,278.0,278.9200134277344,279.1300048828125,-0.209991455078125,-0.0752306994607355
GOOGL,2025-11-10T09:30:00,2025-11-10T09:30:00.000000,284.4200134277344,288.25,282.8550109863281,287.45001220703125,278.9200134277344,8.529998779296875,3.058223995642722
GOOGL,2025-11-10T09:45:00,2025-11-10T09:45:00.000000,287.4700012207031,289.5799865722656,287.1000061035156,289.1300048828125,287.45001220703125,1.67999267578125,0.584446896655987
GOOGL,2025-11-10T10:00:00,2025-11-10T10:00:00.000000,289.1300048828125,289.3900146484375,287.6000061035156,287.6400146484375,289.1300048828125,-1.489990234375,-0.5153357345180792
GOOGL,2025-11-10T10:15:00,2025-11-10T10:15:00.000000,287.69500732421875,288.510009765625,287.5400085449219,287.8797912597656,287.6400146484375,0.239776611328125,0.0833599635367796
GOOGL,2025-11-10T10:30:00,2025-11-10T10:30:00.000000,287.8550109863281,288.45001220703125,287.6099853515625,287.8500061035156,287.8797912597656,-0.02978515625,-0.010346386635775919
GOOGL,2025-11-10T10:45:00,2025-11-10T10:45:00.000000,287.8399963378906,287.8949890136719,286.2200012207031,286.32501220703125,287.8500061035156,-1.524993896484375,-0.5297876894732328
GOOGL,2025-11-10T11:00:00,2025-11-10T11:00:00.000000,286.30999755859375,286.57000732421875,285.5199890136719,286.2174987792969,286.32501220703125,-0.107513427734375,-0.0375494361829053
GOOGL,2025-11-10T11:15:00,2025-11-10T11:15:00.000000,286.2799987792969,287.0899963378906,286.19000244140625,286.3399963378906,286.2174987792969,0.12249755859375,0.042798766363411005
GOOGL,2025-11-10T11:30:00,2025-11-10T11:30:00.000000,286.2799987792969,286.8385009765625,285.9200134277344,286.0954895019531,286.3399963378906,-0.2445068359375,-0.08539038872130664
GOOGL,2025-11-10T11:45:00,2025-11-10T11:45:00.000000,286.0799865722656,286.19000244140625,285.4700012207031,286.010009765625,286.0954895019531,-0.085479736328125,-0.029878044032407382
GOOGL,2025-11-10T12:00:00,2025-11-10T12:00:00.000000,286.0,286.6600036621094,285.8299865722656,286.2300109863281,286.010009765625,0.220001220703125,0.07692081157698227
GOOGL,2025-11-10T12:15:00,2025-11-10T12:15:00.000000,286.260009765625,286.82000732421875,286.0450134277344,286.57000732421875,286.2300109863281,0.339996337890625,0.118784308018234
GOOGL,2025-11-10T12:30:00,2025-11-10T12:30:00.000000,286.6099853515625,287.9798889160156,286.5,287.6400146484375,286.57000732421875,1.07000732421875,0.37338426802221775
GOOGL,2025-11-10T12:45:00,2025-11-10T12:45:00.000000,287.6300048828125,288.42498779296875,287.6099853515625,288.2403869628906,287.6400146484375,0.600372314453125,0.20872350294757097
GOOGL,2025-11-10T13:00:00,2025-11-10T13:00:00.000000,288.260009765625,288.6099853515625,288.12890625,288.25,288.2403869628906,0.009613037109375,0.0033350763960126885
GOOGL,2025-11-10T13:15:00,2025-11-10T13:15:00.000000,288.239990234375,288.6600036621094,288.04998779296875,288.1636047363281,288.25,-0.086395263671875,-0.029972337787294013
GOOGL,2025-11-10T13:30:00,2025-11-10T13:30:00.000000,288.1658020019531,289.6400146484375,288.1199951171875,289.385009765625,288.1636047363281,1.221405029296875,0.42385818653763363
GOOGL,2025-11-10T13:45:00,2025-11-10T13:45:00.000000,289.3699951171875,289.489990234375,289.0199890136719,289.1700134277344,289.385009765625,-0.214996337890625,-0.07429422072164418
GOOGL,2025-11-10T14:00:00,2025-11-10T14:00:00.000000,289.1700134277344,290.0899963378906,289.1300048828125,289.92999267578125,289.1700134277344,0.759979248046875,0.2628139892647614
GOOGL,2025-11-10T14:15:00,2025-11-10T14:15:00.000000,289.92999267578125,290.739990234375,289.7900085449219,290.3900146484375,289.92999267578125,0.46002197265625,0.15866656926752548
GOOGL,2025-11-10T14:30:00,2025-11-10T14:30:00.000000,290.340087890625,290.70001220703125,290.1499938964844,290.3800048828125,290.3900146484375,-0.010009765625,-0.0034470075140560137
GOOGL,2025-11-10T14:45:00,2025-11-10T14:45:00.000000,290.3670959472656,290.5400085449219,290.0799865722656,290.1600036621094,290.3800048828125,-0.220001220703125,-0.07576321268811537
GOOGL,2025-11-10T15:00:00,2025-11-10T15:00:00.000000,290.1300048828125,290.79998779296875,290.05999755859375,290.1700134277344,290.1600036621094,0.010009765625,0.0034497399705909664
GOOGL,2025-11-10T15:15:00,2025-11-10T15:15:00.000000,290.135009765625,290.29998779296875,289.8299865722656,289.9700012207031,290.1700134277344,-0.20001220703125,-0.0689293165301735
GOOGL,2025-11-10T15:30:00,2025-11-10T15:30:00.000000,289.9800109863281,290.6700134277344,289.864990234375,290.2250061035156,289.9700012207031,0.2550048828125,0.08794181527019744
GOOGL,2025-11-10T15:45:00,2025-11-10T15:45:00.000000,290.2099914550781,290.54998779296875,290.0199890136719,290.1000061035156,290.2250061035156,-0.125,-0.04307003096604839
GOOGL,2025-11-11T09:30:00,2025-11-11T09:30:00.000000,287.7449951171875,290.1300048828125,287.32000732421875,289.42999267578125,290.1000061035156,-0.670013427734375,-0.23095946695543876
GOOGL,2025-11-11T09:45:00,2025-11-11T09:45:00.000000,289.42999267578125,290.9700012207031,288.6199951171875,290.9200134277344,289.42999267578125,1.490020751953125,0.5148121444422115
GOOGL,2025-11-11T10:00:00,2025-11-11T10:00:00.000000,290.8900146484375,291.1199951171875,288.69000244140625,289.93499755859375,290.9200134277344,-0.985015869140625,-0.3385864923952049
GOOGL,2025-11-11T10:15:00,2025-11-11T10:15:00.000000,289.92999267578125,289.95001220703125,288.760009765625,288.8351135253906,289.93499755859375,-1.099884033203125,-0.37935538740225605
GOOGL,2025-11-11T10:30:00,2025-11-11T10:30:00.000000,288.79998779296875,288.9696960449219,288.32000732421875,288.6650085449219,288.8351135253906,-0.17010498046875,-0.05889345599034883
GOOGL,2025-11-11T10:45:00,2025-11-11T10:45:00.000000,288.70001220703125,289.05999755859375,288.1300048828125,288.8299865722656,288.6650085449219,0.16497802734375,0.057152069859577805
GOOGL,2025-11-11T11:00:00,2025-11-11T11:00:00.000000,288.8500061035156,289.2300109863281,288.67999267578125,288.92999267578125,288.8299865722656,0.100006103515625,0.03462455706295002
GOOGL,2025-11-11T11:15:00,2025-11-11T11:15:00.000000,288.9700012207031,289.7850036621094,288.57000732421875,288.6000061035156,288.92999267578125,-0.329986572265625,-0.11420987112124245
GOOGL,2025-11-11T11:30:00,2025-11-11T11:30:00.000000,288.6199951171875,288.9894104003906,288.20001220703125,288.7099914550781,288.6000061035156,0.1099853515625,0.03810996162039242
GOOGL,2025-11-11T11:45:00,2025-11-11T11:45:00.000000,288.7200012207031,288.95001220703125,288.5899963378906,288.7850036621094,288.7099914550781,0.07501220703125,0.025981853503993308
GOOGL,2025-11-11T12:00:00,2025-11-11T12:00:00.000000,288.760009765625,289.6097106933594,288.760009765625,289.20001220703125,288.7850036621094,0.415008544921875,0.14370848197070943
GOOGL,2025-11-11T12:15:00,2025-11-11T12:15:00.000000,289.17999267578125,290.1300048828125,289.0899963378906,289.5400085449219,289.20001220703125,0.339996337890625,0.11756442722665927
GOOGL,2025-11-11T12:30:00,2025-11-11T12:30:00.000000,289.54998779296875,289.7300109863281,289.1000061035156,289.2900085449219,289.5400085449219,-0.25,-0.08634385322303834
GOOGL,2025-11-11T12:45:00,2025-11-11T12:45:00.000000,289.3299865722656,289.5400085449219,289.19000244140625,289.3450012207031,289.2900085449219,0.05499267578125,0.019009531666113716
GOOGL,2025-11-11T13:00:00,2025-11-11T13:00:00.000000,289.3445129394531,289.489990234375,288.8299865722656,288.8900146484375,289.3450012207031,-0.454986572265625,-0.15724708232252327
GOOGL,2025-11-11T13:15:00,2025-11-11T13:15:00.000000,288.8998107910156,289.5,288.7950134277344,289.3299865722656,288.8900146484375,0.439971923828125,0.15229738015124736
GOOGL,2025-11-11T13:30:00,2025-11-11T13:30:00.000000,289.3299865722656,289.42999267578125,288.9696044921875,289.19000244140625,289.3299865722656,-0.139984130859375,-0.04838217169184132
GOOGL,2025-11-11T13:45:00,2025-11-11T13:45:00.000000,289.19500732421875,290.20001220703125,289.1499938964844,290.1400146484375,289.19000244140625,0.95001220703125,0.3285079701964231
GOOGL,2025-11-11T14:00:00,2025-11-11T14:00:00.000000,290.1400146484375,290.8789978027344,290.010009765625,290.860107421875,290.1400146484375,0.7200927734375,0.24818802546420082
GOOGL,2025-11-11T14:15:00,2025-11-11T14:15:00.000000,290.8599853515625,291.2784118652344,290.1300964355469,290.1400146484375,290.860107421875,-0.7200927734375,-0.24757357749065567
GOOGL,2025-11-11T14:30:00,2025-11-11T14:30:00.000000,290.17999267578125,290.4601135253906,290.1199951171875,290.29998779296875,290.1400146484375,0.15997314453125,0.05513653286503393
GOOGL,2025-11-11T14:45:00,2025-11-11T14:45:00.000000,290.29998779296875,290.8699951171875,290.1000061035156,290.6549987792969,290.29998779296875,0.355010986328125,0.1222910786277076
GOOGL,2025-11-11T15:00:00,2025-11-11T15:00:00.000000,290.6499938964844,290.8900146484375,290.5,290.6400146484375,290.6549987792969,-0.014984130859375,-0.005155297834995401
GOOGL,2025-11-11T15:15:00,2025-11-11T15:15:00.000000,290.6499938964844,290.7699890136719,290.29998779296875,290.7099914550781,290.6400146484375,0.069976806640625,0.02407679710767631
GOOGL,2025-11-11T15:30:00,2025-11-11T15:30:00.000000,290.7200012207031,291.05999755859375,290.5899963378906,290.8399963378906,290.7099914550781,0.1300048828125,0.04471978488313807
GOOGL,2025-11-11T15:45:00,2025-11-11T15:45:00.000000,290.82000732421875,291.9150085449219,290.70001220703125,291.32000732421875,290.8399963378906,0.480010986328125,0.16504297633481615
GOOGL,2025-11-12T09:30:00,2025-11-12T09:30:00.000000,291.67498779296875,291.9750061035156,287.739990234375,288.25,291.32000732421875,-3.07000732421875,-1.0538264612914303
GOOGL,2025-11-12T09:45:00,2025-11-12T09:45:00.000000,288.20001220703125,288.2149963378906,285.6600036621094,286.30999755859375,288.25,-1.94000244140625,-0.6730277333586296
GOOGL,2025-11-12T10:00:00,2025-11-12T10:00:00.000000,286.29998779296875,287.3399963378906,285.8500061035156,287.1600036621094,286.30999755859375,0.850006103515625,0.2968831374257792
GOOGL,2025-11-12T10:15:00,2025-11-12T10:15:00.000000,287.20001220703125,287.5,286.5299987792969,286.9049987792969,287.1600036621094,-0.2550048828125,-0.08880236786476534
GOOGL,2025-11-12T10:30:00,2025-11-12T10:30:00.000000,286.8999938964844,287.05999755859375,285.3399963378906,286.0400085449219,286.9049987792969,-0.864990234375,-0.30149012323079044
GOOGL,2025-11-12T10:45:00,2025-11-12T10:45:00.000000,286.0213928222656,286.1600036621094,285.35009765625,285.5799865722656,286.0400085449219,-0.46002197265625,-0.16082434586559058
GOOGL,2025-11-12T11:00:00,2025-11-12T11:00:00.000000,285.55999755859375,285.63751220703125,283.9200134277344,284.0799865722656,285.5799865722656,-1.5,-0.5252468907237051
GOOGL,2025-11-12T11:15:00,2025-11-12T11:15:00.000000,284.1000061035156,285.3900146484375,283.69000244140625,285.28009033203125,284.0799865722656,1.200103759765625,0.42245276559119266
GOOGL,2025-11-12T11:30:00,2025-11-12T11:30:00.000000,285.2850036621094,285.464599609375,284.510009765625,284.67999267578125,285.28009033203125,-0.60009765625,-0.21035385103515616
GOOGL,2025-11-12T11:45:00,2025-11-12T11:45:00.000000,284.67999267578125,284.9596862792969,283.8500061035156,284.4700012207031,284.67999267578125,-0.209991455078125,-0.0737640369821429
GOOGL,2025-11-12T12:00:00,2025-11-12T12:00:00.000000,284.4700012207031,285.2898864746094,284.1199951171875,285.2099914550781,284.4700012207031,0.739990234375,0.26012944465131355
GOOGL,2025-11-12T12:15:00,2025-11-12T12:15:00.000000,285.2099914550781,285.8900146484375,284.8999938964844,285.82000732421875,285.2099914550781,0.610015869140625,0.2138830642041884
GOOGL,2025-11-12T12:30:00,2025-11-12T12:30:00.000000,285.80499267578125,286.2900085449219,285.375,286.0150146484375,285.82000732421875,0.19500732421875,0.06822731762005178
GOOGL,2025-11-12T12:45:00,2025-11-12T12:45:00.000000,285.989990234375,286.82000732421875,285.9200134277344,286.55999755859375,286.0150146484375,0.54498291015625,0.19054346179207737
GOOGL,2025-11-12T13:00:00,2025-11-12T13:00:00.000000,286.5899963378906,286.7699890136719,286.2200012207031,286.4949951171875,286.55999755859375,-0.06500244140625,-0.022683710901748862
GOOGL,2025-11-12T13:15:00,2025-11-12T13:15:00.000000,286.4649963378906,286.489990234375,285.92999267578125,286.2349853515625,286.4949951171875,-0.260009765625,-0.09075543030643379
GOOGL,2025-11-12T13:30:00,2025-11-12T13:30:00.000000,286.2200012207031,286.5150146484375,286.0199890136719,286.05499267578125,286.2349853515625,-0.17999267578125,-0.06288283577920342
GOOGL,2025-11-12T13:45:00,2025-11-12T13:45:00.000000,286.05499267578125,286.5,285.67999267578125,286.3699951171875,286.05499267578125,0.31500244140625,0.11011953976390763
GOOGL,2025-11-12T14:00:00,2025-11-12T14:00:00.000000,286.3699951171875,286.5400085449219,286.0173034667969,286.0400085449219,286.3699951171875,-0.329986572265625,-0.11523084746730845
GOOGL,2025-11-12T14:15:00,2025-11-12T14:15:00.000000,286.0400085449219,286.40301513671875,285.8800048828125,286.0126037597656,286.0400085449219,-0.02740478515625,-0.009580752460348967
GOOGL,2025-11-12T14:30:00,2025-11-12T14:30:00.000000,286.04998779296875,286.4949951171875,285.7300109863281,286.2799987792969,286.0126037597656,0.26739501953125,0.09349064202633764
GOOGL,2025-11-12T14:45:00,2025-11-12T14:45:00.000000,286.2850036621094,286.4798889160156,285.94500732421875,286.1099853515625,286.2799987792969,-0.170013427734375,-0.05938711347607774
GOOGL,2025-11-12T15:00:00,2025-11-12T15:00:00.000000,286.0799865722656,286.3500061035156,285.8900146484375,286.260009765625,286.1099853515625,0.1500244140625,0.052435923855700096
GOOGL,2025-11-12T15:15:00,2025-11-12T15:15:00.000000,286.260009765625,286.739990234375,285.989990234375,286.7099914550781,286.260009765625,0.449981689453125,0.15719334664368484
GOOGL,2025-11-12T15:30:00,2025-11-12T15:30:00.000000,286.7200012207031,287.2200012207031,286.6000061035156,286.9599914550781,286.7099914550781,0.25,0.08719612411525259
GOOGL,2025-11-12T15:45:00,2025-11-12T15:45:00.000000,286.95001220703125,287.3399963378906,286.3399963378906,286.7449951171875,286.9599914550781,-0.214996337890625,-0.07492206031943704
GOOGL,2025-11-13T09:30:00,2025-11-13T09:30:00.000000,282.29998779296875,282.8399963378906,277.45001220703125,277.4601135253906,286.7449951171875,-9.284881591796875,-3.238027428517911
GOOGL,2025-11-13T09:45:00,2025-11-13T09:45:00.000000,277.4599914550781,279.510009765625,277.239990234375,279.010009765625,277.4601135253906,1.549896240234375,0.5586014582570055
GOOGL,2025-11-13T10:00:00,2025-11-13T10:00:00.000000,278.9599914550781,280.6300048828125,278.07000732421875,280.6199951171875,279.010009765625,1.6099853515625,0.5770349791087874
GOOGL,2025-11-13T10:15:00,2025-11-13T10:15:00.000000,280.5899963378906,281.0,279.2900085449219,279.5799865722656,280.6199951171875,-1.040008544921875,-0.3706109910263398
GOOGL,2025-11-13T10:30:00,2025-11-13T10:30:00.000000,279.54998779296875,279.760009765625,278.57000732421875,278.8299865722656,279.5799865722656,-0.75,-0.2682595450394088
GOOGL,2025-11-13T10:45:00,2025-11-13T10:45:00.000000,278.82501220703125,279.54998779296875,277.6600036621094,279.5299987792969,278.8299865722656,0.70001220703125,0.2510534163260897
GOOGL,2025-11-13T11:00:00,2025-11-13T11:00:00.000000,279.510009765625,280.44000244140625,279.0400085449219,280.4049987792969,279.5299987792969,0.875,0.3130254369195118
GOOGL,2025-11-13T11:15:00,2025-11-13T11:15:00.000000,280.4222106933594,280.8500061035156,279.739990234375,279.9949951171875,280.4049987792969,-0.410003662109375,-0.14621838551176597
GOOGL,2025-11-13T11:30:00,2025-11-13T11:30:00.000000,279.9849853515625,280.2998962402344,279.2500915527344,279.375,279.9949951171875,-0.6199951171875,-0.22143078554958126
GOOGL,2025-11-13T11:45:00,2025-11-13T11:45:00.000000,279.3699951171875,280.3299865722656,279.32000732421875,280.2200012207031,279.375,0.845001220703125,0.3024612870525727
GOOGL,2025-11-13T12:00:00,2025-11-13T12:00:00.000000,280.1650085449219,280.489990234375,279.3550109863281,279.6099853515625,280.2200012207031,-0.610015869140625,-0.21769176592793335
GOOGL,2025-11-13T12:15:00,2025-11-13T12:15:00.000000,279.5799865722656,280.6300048828125,279.57000732421875,280.5299987792969,279.6099853515625,0.920013427734375,0.3290345395131769
GOOGL,2025-11-13T12:30:00,2025-11-13T12:30:00.000000,280.5299987792969,280.8900146484375,279.635009765625,279.635009765625,280.5299987792969,-0.894989013671875,-0.3190350470774412
GOOGL,2025-11-13T12:45:00,2025-11-13T12:45:00.000000,279.610107421875,279.6600036621094,278.5199890136719,278.6000061035156,279.635009765625,-1.035003662109375,-0.3701266386411556
GOOGL,2025-11-13T13:00:00,2025-11-13T13:00:00.000000,278.6400146484375,279.216796875,278.4800109863281,278.677490234375,278.6000061035156,0.077484130859375,0.027811963087533198
GOOGL,2025-11-13T13:15:00,2025-11-13T13:15:00.000000,278.69000244140625,278.739990234375,277.8251037597656,278.07000732421875,278.677490234375,-0.60748291015625,-0.21798779285881362
GOOGL,2025-11-13T13:30:00,2025-11-13T13:30:00.000000,278.04998779296875,278.197509765625,277.3599853515625,278.010009765625,278.07000732421875,-0.05999755859375,-0.021576422128760975
GOOGL,2025-11-13T13:45:00,2025-11-13T13:45:00.000000,278.0249938964844,278.7200012207031,277.9010009765625,278.17999267578125,278.010009765625,0.16998291015625,0.06114273018426685
GOOGL,2025-11-13T14:00:00,2025-11-13T14:00:00.000000,278.2099914550781,278.45001220703125,277.8699951171875,278.2200012207031,278.17999267578125,0.040008544921875,0.014382251051571834
GOOGL,2025-11-13T14:15:00,2025-11-13T14:15:00.000000,278.2099914550781,279.5710144042969,278.1499938964844,279.55499267578125,278.2200012207031,1.334991455078125,0.47983302753964063
GOOGL,2025-11-13T14:30:00,2025-11-13T14:30:00.000000,279.5,279.885009765625,279.090087890625,279.5350036621094,279.55499267578125,-0.019989013671875,-0.007150297506958714
GOOGL,2025-11-13T14:45:00,2025-11-13T14:45:00.000000,279.54998779296875,279.6600036621094,278.40850830078125,278.92010498046875,279.5350036621094,-0.614898681640625,-0.219971979746726
GOOGL,2025-11-13T15:00:00,2025-11-13T15:00:00.000000,278.95001220703125,279.6499938964844,278.760009765625,279.5400085449219,278.92010498046875,0.619903564453125,0.22225130185453407
GOOGL,2025-11-13T15:15:00,2025-11-13T15:15:00.000000,279.54998779296875,279.8349914550781,279.0849914550781,279.8055114746094,279.5400085449219,0.2655029296875,0.09497850811034582
GOOGL,2025-11-13T15:30:00,2025-11-13T15:30:00.000000,279.7950134277344,279.9649963378906,279.3500061035156,279.6600036621094,279.8055114746094,-0.1455078125,-0.052003197411357616
GOOGL,2025-11-13T15:45:00,2025-11-13T15:45:00.000000,279.6700134277344,279.67498779296875,277.489990234375,278.6199951171875,279.6600036621094,-1.040008544921875,-0.37188319076847093
GOOGL,2025-11-14T09:30:00,2025-11-14T09:30:00.000000,271.4100036621094,274.9800109863281,270.70001220703125,274.1300048828125,278.6199951171875,-4.489990234375,-1.6115104131297222
GOOGL,2025-11-14T09:45:00,2025-11-14T09:45:00.000000,274.1199951171875,276.4700012207031,274.04998779296875,276.1600036621094,274.1300048828125,2.029998779296875,0.7405241101442641
GOOGL,2025-11-14T10:00:00,2025-11-14T10:00:00.000000,276.1400146484375,276.67999267578125,274.6830139160156,275.1189880371094,276.1600036621094,-1.041015625,-0.37696104113386236
GOOGL,2025-11-14T10:15:00,2025-11-14T10:15:00.000000,275.1199951171875,276.8500061035156,274.989990234375,276.5899963378906,275.1189880371094,1.47100830078125,0.5346807616865883
GOOGL,2025-11-14T10:30:00,2025-11-14T10:30:00.000000,276.6099853515625,277.54998779296875,276.30999755859375,277.29998779296875,276.5899963378906,0.709991455078125,0.2566945531214289
GOOGL,2025-11-14T10:45:00,2025-11-14T10:45:00.000000,277.2799987792969,278.45001220703125,276.94000244140625,277.2300109863281,277.29998779296875,-0.069976806640625,-0.02523505579555577
GOOGL,2025-11-14T11:00:00,2025-11-14T11:00:00.000000,277.239990234375,277.8399963378906,276.2699890136719,277.54998779296875,277.2300109863281,0.319976806640625,0.11541925259181444
GOOGL,2025-11-14T11:15:00,2025-11-14T11:15:00.000000,277.55999755859375,278.44989013671875,277.3800048828125,278.3500061035156,277.54998779296875,0.800018310546875,0.28824296369403124
GOOGL,2025-11-14T11:30:00,2025-11-14T11:30:00.000000,278.3599853515625,278.55999755859375,277.67999267578125,277.9599914550781,278.3500061035156,-0.3900146484375,-0.14011663010075787
GOOGL,2025-11-14T11:45:00,2025-11-14T11:45:00.000000,277.9649963378906,278.1700134277344,277.2900085449219,277.8599853515625,277.9599914550781,-0.100006103515625,-0.03597859641314144
GOOGL,2025-11-14T12:00:00,2025-11-14T12:00:00.000000,277.8500061035156,278.2865905761719,277.45001220703125,278.1300048828125,277.8599853515625,0.27001953125,0.09717827160623997
GOOGL,2025-11-14T12:15:00,2025-11-14T12:15:00.000000,278.1300048828125,278.17999267578125,277.4800109863281,277.8800048828125,278.1300048828125,-0.25,-0.08988602294288069
GOOGL,2025-11-14T12:30:00,2025-11-14T12:30:00.000000,277.8564147949219,278.3399963378906,277.5199890136719,277.8277893066406,277.8800048828125,-0.052215576171875,-0.018790692116870854
GOOGL,2025-11-14T12:45:00,2025-11-14T12:45:00.000000,277.80999755859375,278.0299987792969,276.8699951171875,277.25,277.8277893066406,-0.577789306640625,-0.20796670775179893
GOOGL,2025-11-14T13:00:00,2025-11-14T13:00:00.000000,277.2200012207031,277.69000244140625,276.2099914550781,277.69000244140625,277.25,0.44000244140625,0.15870241349188458
GOOGL,2025-11-14T13:15:00,2025-11-14T13:15:00.000000,277.69000244140625,277.69000244140625,276.3645935058594,277.1449890136719,277.69000244140625,-0.545013427734375,-0.19626685258479015
GOOGL,2025-11-14T13:30:00,2025-11-14T13:30:00.000000,277.1199951171875,277.44000244140625,276.1535949707031,276.4049987792969,277.1449890136719,-0.739990234375,-0.26700473171409045
GOOGL,2025-11-14T13:45:00,2025-11-14T13:45:00.000000,276.4599914550781,277.2799987792969,276.239990234375,277.010009765625,276.4049987792969,0.605010986328125,0.21888568911563447
GOOGL,2025-11-14T14:00:00,2025-11-14T14:00:00.000000,277.0,277.3299865722656,276.70001220703125,276.8800048828125,277.010009765625,-0.1300048828125,-0.046931474758798664
GOOGL,2025-11-14T14:15:00,2025-11-14T14:15:00.000000,276.8900146484375,277.739990234375,276.8200988769531,277.5899963378906,276.8800048828125,0.709991455078125,0.2564256871414835
GOOGL,2025-11-14T14:30:00,2025-11-14T14:30:00.000000,277.6099853515625,277.80999755859375,277.3699951171875,277.5,277.5899963378906,-0.089996337890625,-0.03242059839255837
GOOGL,2025-11-14T14:45:00,2025-11-14T14:45:00.000000,277.5199890136719,277.90179443359375,277.29541015625,277.5050048828125,277.5,0.0050048828125,0.0018035613738738737
GOOGL,2025-11-14T15:00:00,2025-11-14T15:00:00.000000,277.4949951171875,278.05999755859375,277.20001220703125,277.2799987792969,277.5050048828125,-0.225006103515625,-0.08108181818581714
GOOGL,2025-11-14T15:15:00,2025-11-14T15:15:00.000000,277.2900085449219,277.3299865722656,276.4200134277344,276.6000061035156,277.2799987792969,-0.67999267578125,-0.2452368287560818
GOOGL,2025-11-14T15:30:00,2025-11-14T15:30:00.000000,276.55999755859375,276.864990234375,276.2799987792969,276.5849914550781,276.6000061035156,-0.0150146484375,-0.00542828926470843
GOOGL,2025-11-14T15:45:00,2025-11-14T15:45:00.000000,276.6199951171875,276.9800109863281,275.79998779296875,276.44000244140625,276.5849914550781,-0.144989013671875,-0.052421142922147154
GOOGL,2025-11-17T09:30:00,2025-11-17T09:30:00.000000,285.7749938964844,292.4339904785156,285.1199951171875,291.5899963378906,276.44000244140625,15.149993896484375,5.480391319159947
GOOGL,2025-11-17T09:45:00,2025-11-17T09:45:00.000000,291.5199890136719,293.95001220703125,291.2699890136719,292.6650085449219,291.5899963378906,1.07501220703125,0.36867252667527733
GOOGL,2025-11-17T10:00:00,2025-11-17T10:00:00.000000,292.6300048828125,293.0899963378906,289.4700012207031,290.1700134277344,292.6650085449219,-2.4949951171875,-0.8525088563173883
GOOGL,2025-11-17T10:15:00,2025-11-17T10:15:00.000000,290.17999267578125,291.06219482421875,288.52899169921875,290.4100036621094,290.1700134277344,0.239990234375,0.08270676612653104
GOOGL,2025-11-17T10:30:00,2025-11-17T10:30:00.000000,290.4100036621094,290.69049072265625,289.05999755859375,290.3564147949219,290.4100036621094,-0.0535888671875,-0.01845283100159676
GOOGL,2025-11-17T10:45:00,2025-11-17T10:45:00.000000,290.30999755859375,291.0,289.5899963378906,289.8800048828125,290.3564147949219,-0.476409912109375,-0.16407762592256223
GOOGL,2025-11-17T11:00:00,2025-11-17T11:00:00.000000,289.8599853515625,290.05999755859375,288.07000732421875,288.2200012207031,289.8800048828125,-1.660003662109375,-0.5726520057085177
GOOGL,2025-11-17T11:15:00,2025-11-17T11:15:00.000000,288.2099914550781,288.2099914550781,286.8800048828125,287.9200134277344,288.2200012207031,-0.29998779296875,-0.10408291988696361
GOOGL,2025-11-17T11:30:00,2025-11-17T11:30:00.000000,287.9549865722656,289.0350036621094,287.75,288.94500732421875,287.9200134277344,1.024993896484375,0.3559995306618865
GOOGL,2025-11-17T11:45:00,2025-11-17T11:45:00.000000,289.0199890136719,289.6940002441406,288.8450012207031,289.4800109863281,288.94500732421875,0.535003662109375,0.18515760734673617
GOOGL,2025-11-17T12:00:00,2025-11-17T12:00:00.000000,289.489990234375,289.6000061035156,288.7200012207031,288.85198974609375,289.4800109863281,-0.628021240234375,-0.21694805043517695
GOOGL,2025-11-17T12:15:00,2025-11-17T12:15:00.000000,288.8800048828125,288.8800048828125,288.11639404296875,288.44000244140625,288.85198974609375,-0.4119873046875,-0.14262920779934543
GOOGL,2025-11-17T12:30:00,2025-11-17T12:30:00.000000,288.45001220703125,288.5877990722656,286.92999267578125,286.94500732421875,288.44000244140625,-1.4949951171875,-0.5183036695789771
GOOGL,2025-11-17T12:45:00,2025-11-17T12:45:00.000000,286.95001220703125,286.95001220703125,285.5,285.92999267578125,286.94500732421875,-1.0150146484375,-0.353731419794538
GOOGL,2025-11-17T13:00:00,2025-11-17T13:00:00.000000,285.9200134277344,286.3299865722656,285.27301025390625,285.6600036621094,285.92999267578125,-0.269989013671875,-0.09442486643155974
GOOGL,2025-11-17T13:15:00,2025-11-17T13:15:00.000000,285.6499938964844,286.2195129394531,285.3699951171875,285.7200012207031,285.6600036621094,0.05999755859375,0.021003135834415806
GOOGL,2025-11-17T13:30:00,2025-11-17T13:30:00.000000,285.7099914550781,286.3399963378906,285.3599853515625,286.2771911621094,285.7200012207031,0.55718994140625,0.19501257840743574
GOOGL,2025-11-17T13:45:00,2025-11-17T13:45:00.000000,286.239990234375,286.8935852050781,284.4700012207031,284.67999267578125,286.2771911621094,-1.597198486328125,-0.5579202729510099
GOOGL,2025-11-17T14:00:00,2025-11-17T14:00:00.000000,284.70001220703125,285.20001220703125,284.2900085449219,284.8399963378906,284.67999267578125,0.160003662109375,0.056204744353636864
GOOGL,2025-11-17T14:15:00,2025-11-17T14:15:00.000000,284.8999938964844,285.1000061035156,284.2900085449219,284.9649963378906,284.8399963378906,0.125,0.04388428647910777
GOOGL,2025-11-17T14:30:00,2025-11-17T14:30:00.000000,284.9649963378906,284.989990234375,283.79998779296875,284.5350036621094,284.9649963378906,-0.42999267578125,-0.15089315575846943
GOOGL,2025-11-17T14:45:00,2025-11-17T14:45:00.000000,284.5199890136719,284.6603088378906,283.6700134277344,283.7200012207031,284.5350036621094,-0.81500244140625,-0.2864331034553768
GOOGL,2025-11-17T15:00:00,2025-11-17T15:00:00.000000,283.760009765625,283.760009765625,283.760009765625,283.760009765625,283.7200012207031,0.040008544921875,0.014101418563985106
